module_age_years,ambient_temp_c,module_temp_c,relative_humidity_pct,daily_temp_swing_c,irradiance_kwh_m2_day,soiling_index,annual_degradation_rate_pct,cumulative_degradation_pct,current_power_ratio,fault_flag
19.46,19.8,29.79,26.17,23.19,3.61,0.174,0.3871,9.771,0.9023,0
11.25,35.26,52.71,59.23,22.02,5.14,0.147,0.4763,6.002,0.94,0
21.54,18.38,46.28,30.82,8.13,6.56,0.116,0.3188,6.2,0.938,0
17.59,25.71,43.94,82.58,10.1,3.84,0.654,0.4844,9.354,0.9065,0
2.81,23.31,40.34,81.81,2.0,4.93,0.136,0.2555,1.074,0.9893,0
24.4,29.31,59.17,49.37,22.17,4.77,0.086,0.778,21.937,0.7806,1
19.15,22.88,52.92,92.34,16.17,4.43,0.383,0.7615,16.156,0.8384,1
19.76,25.83,50.93,93.38,16.86,5.47,0.249,0.7506,17.11,0.8289,1
3.64,26.11,45.38,25.34,6.16,5.69,0.146,0.0927,0.212,0.9979,0
11.53,22.12,42.69,44.42,10.31,5.68,0.146,0.3214,6.157,0.9384,0
9.58,31.88,49.06,63.03,14.65,4.13,0.256,0.5489,6.676,0.9332,0
23.21,29.91,45.94,21.79,13.29,3.39,0.537,0.365,8.044,0.9196,0
16.27,27.29,43.02,45.61,18.82,5.49,0.758,0.5106,11.471,0.8853,0
20.66,24.56,42.85,35.89,22.08,4.64,0.853,0.4778,13.162,0.8684,0
11.36,34.37,50.16,91.16,33.89,7.22,0.751,1.2173,15.09,0.8491,1
6.07,26.11,38.73,47.93,17.86,7.27,0.628,0.3976,3.055,0.9695,0
14.09,25.55,48.86,76.01,25.81,7.39,0.908,0.678,12.976,0.8702,1
2.06,28.84,52.25,45.94,12.19,4.17,0.52,0.5505,0.0,1.0,0
20.78,41.57,73.78,25.54,6.28,5.83,0.633,1.1759,27.762,0.7224,1
15.98,17.28,35.27,84.05,15.53,6.16,0.412,0.4016,6.472,0.9353,0
19.07,34.16,57.94,15.03,6.82,6.03,0.327,0.4636,11.769,0.8823,0
9.19,12.85,36.73,19.48,18.1,4.81,0.332,0.2391,2.743,0.9726,0
24.28,29.74,50.22,44.15,12.54,6.61,0.148,0.4063,9.461,0.9054,0
22.38,40.6,67.07,69.95,4.32,5.2,0.797,1.0871,24.957,0.7504,1
19.57,31.91,58.56,42.34,30.15,5.34,0.055,0.9273,21.0,0.79,1
5.27,29.37,53.33,20.31,14.24,3.51,0.675,0.4866,2.36,0.9764,0
11.93,23.52,43.98,40.43,6.54,5.91,0.864,0.2825,2.874,0.9713,0
1.57,28.25,48.1,34.6,24.29,4.91,0.497,0.6933,0.075,0.9993,0
4.28,25.98,39.78,15.43,12.9,5.71,0.07,0.2378,2.18,0.9782,0
17.23,21.71,38.88,57.78,25.63,5.46,0.428,0.5711,13.682,0.8632,0
18.75,25.68,43.95,24.33,12.87,5.4,0.343,0.4503,5.997,0.94,0
24.2,29.59,44.84,38.0,14.21,5.15,0.986,0.5792,20.277,0.7972,1
8.48,21.86,46.5,66.3,20.41,6.07,0.691,0.6304,5.99,0.9401,0
9.58,21.55,50.73,73.01,22.15,4.98,0.721,0.672,7.764,0.9224,0
12.0,17.12,33.67,36.08,23.38,3.6,0.516,0.228,2.55,0.9745,0
5.14,31.13,54.83,41.34,17.37,5.83,0.709,0.6333,3.388,0.9661,0
3.68,32.36,48.16,34.75,21.7,4.31,0.723,0.6457,2.776,0.9722,0
12.15,29.85,50.02,91.55,23.22,3.74,0.066,0.7543,7.981,0.9202,0
6.06,35.72,53.58,30.24,19.4,4.08,0.223,0.1227,0.0,1.0,0
16.91,28.7,54.31,29.65,17.0,5.51,0.013,0.5602,12.351,0.8765,0
11.21,31.14,49.06,50.6,7.88,5.09,0.51,0.4907,3.417,0.9658,0
20.9,30.43,58.5,30.14,22.19,2.85,0.876,0.7285,17.249,0.8275,1
17.66,27.27,47.79,27.54,18.3,4.78,0.61,0.5528,10.138,0.8986,0
8.15,23.75,41.86,22.67,15.1,6.49,0.5,0.3997,1.961,0.9804,0
20.89,45.71,60.19,66.21,26.94,4.7,0.926,1.0094,25.634,0.7437,1
20.22,24.38,47.9,63.97,8.01,5.02,0.172,0.4991,9.743,0.9026,0
9.99,22.67,50.04,67.01,29.51,6.35,0.075,0.6007,4.536,0.9546,0
7.56,31.47,55.11,76.86,17.84,6.08,0.917,0.8125,6.092,0.9391,0
17.22,30.01,65.45,41.11,20.22,6.32,0.903,1.0455,17.686,0.8231,1
3.92,16.76,47.34,88.47,15.23,2.15,0.683,0.489,2.018,0.9798,0
5.4,36.98,57.14,73.66,6.33,7.11,0.246,0.7031,4.2,0.958,0
0.68,27.25,47.34,79.38,17.02,5.9,0.97,0.7734,0.919,0.9908,0
19.78,19.11,43.93,72.68,20.34,7.91,0.765,0.7147,15.117,0.8488,0
16.79,37.51,54.48,43.68,22.73,4.34,0.674,0.7556,12.44,0.8756,0
17.78,33.01,62.0,37.64,16.61,3.26,0.223,0.5298,11.479,0.8852,0
19.63,17.88,42.05,48.8,2.65,5.21,0.513,0.1253,3.446,0.9655,0
11.74,42.22,65.76,22.76,7.21,4.9,0.823,0.889,10.137,0.8986,0
14.43,33.27,59.39,51.1,32.36,5.92,0.86,1.1134,19.23,0.8077,1
3.93,27.92,60.26,18.45,10.35,6.38,0.561,0.5841,2.182,0.9782,0
3.31,40.72,63.75,15.32,27.99,5.1,0.523,1.2343,5.95,0.9405,1
16.88,29.27,50.6,89.52,11.46,4.94,0.698,0.6718,14.282,0.8572,0
12.04,27.78,58.83,70.15,16.72,5.77,0.528,0.8838,13.303,0.867,1
14.35,22.72,50.52,59.95,22.38,4.92,0.418,0.7089,12.021,0.8798,0
19.24,32.65,52.73,42.29,12.26,4.83,0.085,0.4095,9.014,0.9099,0
16.05,31.81,53.84,60.64,29.15,6.34,0.126,1.0839,18.141,0.8186,1
14.06,28.12,51.29,86.33,18.53,6.59,0.76,0.6598,9.562,0.9044,0
14.2,21.68,45.85,67.19,21.23,6.39,0.025,0.4096,2.939,0.9706,0
7.95,29.04,42.9,63.2,16.13,5.01,0.052,0.2312,3.299,0.967,0
1.26,27.44,40.19,51.82,22.61,2.85,0.905,0.6589,1.245,0.9876,0
11.2,17.33,34.01,42.66,29.05,5.04,0.704,0.6508,9.127,0.9087,0
5.76,16.23,32.44,70.88,17.08,4.37,0.004,0.1926,1.08,0.9892,0
10.51,32.52,50.66,93.48,30.11,5.06,0.312,0.8613,10.579,0.8942,1
21.41,7.18,32.99,48.98,13.72,4.46,0.763,0.4473,8.65,0.9135,0
6.23,29.64,50.63,46.38,23.35,5.18,0.418,0.6217,2.132,0.9787,0
1.93,24.18,47.35,49.25,21.42,4.06,0.469,0.649,0.0,1.0,0
7.39,38.47,53.12,49.04,10.52,3.79,0.459,0.4547,3.386,0.9661,0
7.69,24.05,43.28,94.25,19.5,6.54,0.202,0.6148,3.716,0.9628,0
16.72,33.28,58.8,71.54,18.05,4.13,0.721,0.8974,14.417,0.8558,1
14.15,24.82,50.39,43.73,12.03,5.2,0.103,0.2961,5.435,0.9457,0
19.71,28.91,46.56,44.72,20.51,6.25,0.507,0.4679,9.698,0.903,0
16.78,33.89,56.86,49.46,19.02,6.21,0.17,0.5054,7.025,0.9298,0
10.46,24.3,59.49,17.94,17.49,6.07,0.047,0.6633,11.563,0.8844,1
20.44,35.97,57.87,57.23,17.52,5.53,0.143,0.7497,16.516,0.8348,0
4.59,20.05,37.89,79.91,17.37,6.0,0.869,0.5849,1.012,0.9899,0
1.06,30.36,51.31,67.85,15.43,6.71,0.176,0.5994,0.0,1.0,0
2.71,35.38,57.93,30.87,18.98,5.67,0.278,0.6152,1.428,0.9857,0
18.2,33.28,54.37,73.24,13.49,3.18,0.138,0.7453,14.311,0.8569,0
11.82,43.33,65.14,72.56,36.6,4.62,0.736,1.7145,22.927,0.7707,1
4.45,21.89,35.23,36.0,8.13,5.97,0.445,0.3706,1.627,0.9837,0
12.78,16.97,33.19,64.83,13.91,4.51,0.944,0.5094,10.158,0.8984,0
4.23,20.05,41.15,63.88,14.46,6.98,0.664,0.3928,1.049,0.9895,0
17.56,33.28,54.29,82.18,32.28,5.13,0.531,1.1161,21.282,0.7872,1
11.43,31.98,50.59,25.89,8.76,5.29,0.657,0.4863,7.738,0.9226,0
9.84,28.82,49.76,30.59,20.98,6.44,0.04,0.3244,5.55,0.9445,0
7.89,19.02,41.38,53.88,19.74,5.0,0.951,0.3566,5.25,0.9475,0
15.94,34.13,61.47,18.53,20.34,5.39,0.956,0.7067,11.658,0.8834,0
9.36,18.2,39.61,48.25,26.65,6.19,0.276,0.4863,4.904,0.951,0
2.65,37.27,61.67,78.06,26.51,3.58,0.628,1.1417,0.0,1.0,0
3.39,50.0,68.75,26.9,14.84,4.89,0.202,0.8468,2.619,0.9738,0
24.07,30.93,56.36,51.8,19.36,6.11,0.547,0.7071,20.441,0.7956,1
22.76,32.66,56.92,94.18,4.95,5.27,0.771,0.8874,23.162,0.7684,1
17.64,24.06,51.25,55.47,18.69,6.81,0.94,0.7642,14.327,0.8567,0
7.01,13.52,39.8,54.87,12.44,3.47,0.339,0.4899,6.465,0.9353,0
24.24,23.18,48.71,59.7,16.7,3.34,0.694,0.5506,14.358,0.8564,0
19.58,19.26,40.67,29.88,6.2,6.05,0.716,0.2075,4.047,0.9595,0
18.06,16.42,39.89,26.77,20.83,6.15,0.221,0.4243,7.917,0.9208,0
11.51,41.78,70.16,69.19,6.12,4.99,0.629,1.3467,14.146,0.8585,1
7.17,30.18,48.27,46.66,19.04,5.64,0.655,0.4799,4.701,0.953,0
2.86,31.04,49.27,38.19,9.41,6.02,0.764,0.3268,1.465,0.9854,0
22.61,25.53,48.62,17.51,12.05,4.3,1.0,0.3795,11.057,0.8894,0
11.67,26.62,51.11,82.68,26.08,4.42,0.04,0.7251,8.285,0.9171,0
5.46,35.72,52.77,17.59,22.12,5.41,0.202,0.6179,3.428,0.9657,0
8.0,27.74,49.29,75.0,26.04,6.19,0.145,0.7439,2.632,0.9737,0
14.69,32.25,53.68,45.56,28.92,3.92,0.154,0.9179,14.842,0.8516,1
4.83,26.43,35.14,62.9,12.59,4.98,0.454,0.3522,1.989,0.9801,0
21.49,25.26,45.95,34.81,28.49,4.93,0.879,0.716,14.922,0.8508,0
19.08,16.74,37.8,27.43,7.74,5.66,0.449,0.1901,4.575,0.9542,0
18.13,12.18,33.22,57.67,23.22,5.19,0.668,0.3278,6.548,0.9345,0
11.09,25.91,56.4,70.65,14.55,4.6,0.376,0.6192,10.245,0.8976,0
15.87,28.45,43.16,30.64,11.49,6.57,0.32,0.2092,2.402,0.976,0
14.81,17.71,34.76,49.91,22.3,4.61,0.834,0.1605,3.67,0.9633,0
16.42,27.72,34.05,50.57,24.61,4.88,0.656,0.3491,4.814,0.9519,0
2.57,28.43,47.54,32.28,24.41,3.45,0.351,0.6777,0.866,0.9913,0
10.69,10.75,30.38,60.2,19.5,4.42,0.914,0.4339,5.536,0.9446,0
1.52,20.68,39.62,26.67,18.92,5.77,0.499,0.3165,0.152,0.9985,0
12.6,31.26,59.9,55.78,21.69,5.55,0.188,0.8463,11.232,0.8877,0
8.58,31.1,58.26,24.07,20.13,5.86,0.483,0.4654,4.854,0.9515,0
4.04,18.77,41.24,53.84,21.79,5.81,0.675,0.5114,1.345,0.9865,0
3.03,29.27,49.04,39.93,19.43,7.5,0.367,0.6268,3.419,0.9658,0
14.9,36.18,64.34,51.18,23.9,4.38,0.844,1.0801,16.34,0.8366,1
4.68,34.22,56.1,49.7,6.61,3.42,0.533,0.3278,1.491,0.9851,0
23.17,27.24,44.33,87.63,17.08,4.04,0.468,0.4763,13.157,0.8684,0
14.74,24.26,35.96,54.19,8.31,4.43,0.859,0.4325,7.489,0.9251,0
9.0,22.97,42.32,80.48,19.94,4.13,0.463,0.5245,6.118,0.9388,0
14.98,31.74,58.27,33.05,29.49,5.3,0.414,0.72,12.067,0.8793,0
1.06,29.56,65.22,43.17,14.68,6.58,0.104,1.1259,1.977,0.9802,0
23.98,33.04,55.4,21.01,18.89,6.89,0.362,0.4358,11.529,0.8847,0
12.32,29.05,46.46,48.66,23.3,5.75,0.397,0.493,4.865,0.9514,0
19.68,34.55,49.44,68.5,3.53,7.56,0.181,0.3025,4.772,0.9523,0
2.53,28.76,54.07,82.05,14.35,4.81,0.588,0.6036,0.0,1.0,0
12.42,34.28,45.69,60.27,20.55,3.4,0.144,0.3784,8.172,0.9183,0
12.52,34.97,60.27,66.21,2.0,6.36,0.224,0.7841,6.738,0.9326,0
23.48,21.56,48.47,29.18,11.16,3.18,0.561,0.4942,15.131,0.8487,0
14.51,13.53,38.15,17.98,25.71,4.37,0.269,0.3793,4.87,0.9513,0
12.1,40.35,61.03,78.34,25.02,5.77,0.64,1.03,14.962,0.8504,1
7.04,30.05,55.44,28.36,20.62,5.09,0.691,0.6944,1.482,0.9852,0
8.62,14.28,37.31,22.29,24.18,4.99,0.301,0.4518,3.822,0.9618,0
13.26,22.29,39.62,90.0,19.51,3.9,0.087,0.4586,9.104,0.909,0
11.25,34.17,67.28,92.08,21.89,5.19,0.489,1.618,19.865,0.8013,1
1.03,25.76,45.65,64.3,15.79,6.3,0.093,0.3792,0.0,1.0,0
20.74,23.9,50.56,45.29,18.81,5.22,0.515,0.5251,8.967,0.9103,0
22.46,39.21,46.7,81.66,13.57,4.29,0.726,0.5154,10.845,0.8915,0
3.94,19.62,49.28,31.38,26.84,3.83,0.62,0.7419,5.302,0.947,1
14.07,21.61,52.43,49.35,28.65,4.31,0.448,0.9859,13.988,0.8601,1
3.16,29.69,51.87,43.56,27.66,5.63,0.946,0.7968,2.463,0.9754,0
16.97,31.12,56.48,88.02,15.14,5.58,0.102,0.7941,14.871,0.8513,1
7.39,31.97,57.32,88.58,11.32,4.32,0.88,0.9285,4.957,0.9504,0
16.66,35.29,53.43,67.07,26.94,2.77,0.8,0.7593,14.219,0.8578,1
18.31,29.59,54.87,23.86,21.81,5.66,0.42,0.6929,13.043,0.8696,0
19.33,31.92,49.06,53.58,20.3,4.21,0.153,0.5168,11.617,0.8838,0
3.14,25.93,44.27,34.63,13.56,5.96,0.156,0.2447,0.0,1.0,0
22.94,28.5,57.26,85.79,20.98,4.37,0.922,1.0997,24.137,0.7586,1
6.14,28.86,56.71,26.07,10.4,4.11,0.234,0.4721,2.376,0.9762,0
1.42,29.72,47.48,19.34,22.44,5.37,0.874,0.4419,1.701,0.983,0
14.09,34.18,51.78,71.35,27.65,7.79,0.503,0.8714,13.621,0.8638,1
9.59,32.44,50.57,51.26,29.42,6.02,0.462,0.7723,7.828,0.9217,0
20.83,28.35,54.75,82.07,22.96,5.35,0.62,0.9844,23.275,0.7672,1
20.3,21.53,37.53,20.97,8.33,5.59,0.215,0.2781,6.546,0.9345,0
8.27,28.54,52.68,79.09,19.38,3.27,0.428,0.6716,5.941,0.9406,0
23.85,27.78,54.26,17.99,32.98,3.97,0.938,0.8657,21.45,0.7855,1
7.63,29.55,51.02,17.25,11.92,2.44,0.238,0.3361,4.4,0.956,0
13.12,45.65,73.71,51.91,17.59,7.1,0.922,1.6708,23.015,0.7699,1
6.77,23.81,43.98,32.7,27.89,6.88,0.994,0.7183,4.158,0.9584,0
23.43,31.38,52.1,62.5,22.32,5.63,0.052,0.629,13.837,0.8616,0
4.53,36.55,52.68,17.07,35.36,5.35,0.531,0.9002,6.016,0.9398,1
1.6,28.78,56.89,17.83,12.87,3.49,0.172,0.5827,0.0,1.0,0
11.16,46.7,64.1,73.17,11.07,4.96,0.622,0.9584,11.289,0.8871,1
24.81,24.98,49.07,31.81,26.57,7.17,0.99,0.9754,29.79,0.7021,1
22.35,30.59,52.16,67.51,9.63,5.34,0.897,0.6696,17.727,0.8227,0
18.84,21.61,37.29,74.99,16.62,4.58,0.925,0.3145,9.68,0.9032,0
22.32,25.19,43.53,19.75,17.54,3.27,0.213,0.323,7.761,0.9224,0
22.39,29.99,60.29,76.58,25.25,6.72,0.542,1.1769,29.562,0.7044,1
13.21,34.77,57.98,36.47,22.3,5.12,0.235,0.6475,9.22,0.9078,0
8.24,30.55,46.5,46.16,21.2,3.27,0.899,0.3632,3.889,0.9611,0
19.41,38.07,61.9,21.93,15.18,4.18,0.191,0.5553,15.265,0.8473,0
16.71,27.24,48.36,82.09,26.51,3.79,0.154,0.7542,13.049,0.8695,0
9.65,25.34,68.07,59.86,45.0,5.06,0.012,1.7029,16.849,0.8315,1
2.81,49.63,73.34,55.37,22.84,5.43,0.182,1.4277,2.58,0.9742,0
18.8,31.15,50.87,92.48,18.7,4.65,0.19,0.7549,16.749,0.8325,1
6.93,22.24,52.76,41.76,8.91,6.05,0.077,0.3638,1.818,0.9818,0
23.45,22.45,33.4,86.26,13.54,5.29,0.868,0.3203,10.756,0.8924,0
6.4,20.46,43.02,72.58,16.5,6.37,0.78,0.4399,0.29,0.9971,0
3.51,35.49,69.46,89.28,14.26,4.81,0.254,1.4015,5.895,0.941,1
20.86,25.08,46.39,87.62,17.89,8.0,0.783,0.7129,15.102,0.849,0
4.26,29.02,40.62,94.28,30.45,4.58,0.422,0.6694,4.156,0.9584,0
4.89,27.49,47.12,25.53,26.73,4.21,0.776,0.552,2.805,0.9719,0
15.18,33.85,64.58,78.68,16.89,4.07,0.323,1.1605,17.515,0.8249,1
21.93,21.23,45.48,79.36,9.54,4.97,0.565,0.4207,9.985,0.9002,0
5.31,19.4,36.36,66.55,27.36,3.31,0.382,0.4327,1.04,0.9896,0
8.1,29.79,47.68,37.31,17.66,5.52,0.188,0.1698,3.043,0.9696,0
19.55,32.81,51.45,92.21,5.91,3.1,0.586,0.6784,12.693,0.8731,0
24.31,30.66,54.83,31.35,22.99,5.38,0.751,0.6944,18.089,0.8191,0
12.77,21.52,51.55,54.97,25.18,3.71,0.753,0.642,9.356,0.9064,0
4.03,33.42,61.73,56.72,2.0,4.78,0.356,0.6063,5.196,0.948,0
0.84,22.05,46.79,27.95,12.23,5.86,0.519,0.3573,0.293,0.9971,0
6.13,23.83,37.84,72.8,17.23,7.73,0.764,0.5048,2.875,0.9713,0
3.73,20.45,34.48,22.11,23.14,4.01,0.054,0.3232,1.739,0.9826,0
17.1,38.41,63.61,70.45,14.39,5.03,0.072,1.1124,16.544,0.8346,1
3.48,33.07,46.99,82.89,12.18,4.4,0.376,0.5609,0.051,0.9995,0
12.91,32.84,53.49,42.95,23.09,4.24,0.223,0.5776,7.433,0.9257,0
17.51,37.98,61.8,71.75,14.72,4.41,0.375,0.9807,16.97,0.8303,1
14.74,50.0,65.17,27.54,21.79,6.11,0.094,0.9218,11.683,0.8832,0
5.39,14.33,30.18,82.68,10.22,4.66,0.592,0.2884,3.12,0.9688,0
20.2,22.09,43.53,91.16,8.53,7.67,0.672,0.6524,14.834,0.8517,0
18.03,23.07,48.09,27.22,23.29,5.66,0.792,0.4704,9.733,0.9027,0
18.61,21.19,49.56,70.35,19.77,4.09,0.651,0.6083,11.246,0.8875,0
3.71,19.38,45.02,55.47,24.46,4.8,0.396,0.6606,2.664,0.9734,0
3.53,25.6,48.04,57.52,14.27,4.32,0.935,0.5321,2.804,0.972,0
23.23,18.27,35.79,71.52,12.43,6.08,0.726,0.3122,8.346,0.9165,0
10.24,30.68,46.25,54.1,27.53,3.4,0.528,0.4307,5.558,0.9444,0
7.87,28.41,47.35,63.03,7.34,3.72,0.207,0.0857,0.0,1.0,0
12.47,31.85,56.31,33.47,26.76,4.55,0.649,1.011,13.335,0.8666,1
16.74,32.06,56.08,45.28,27.24,5.95,0.592,0.8545,17.097,0.829,1
23.91,32.82,42.22,84.22,24.02,6.56,0.683,0.5778,17.455,0.8255,0
7.52,25.01,42.3,23.79,13.19,6.72,0.781,0.3975,5.431,0.9457,0
23.16,44.97,74.2,62.81,12.28,5.78,0.915,1.5939,38.907,0.6109,1
1.11,29.88,52.35,29.74,16.53,5.11,0.949,0.5168,0.637,0.9936,0
14.1,13.1,26.6,82.72,8.93,6.07,0.63,0.1671,2.305,0.9769,0
16.03,19.98,56.12,61.32,11.27,3.94,0.966,0.5153,6.126,0.9387,0
3.09,14.08,35.9,47.24,22.51,3.17,0.911,0.2163,0.0,1.0,0
3.94,28.14,52.44,34.99,22.55,5.68,0.003,0.3457,1.174,0.9883,0
10.77,27.03,51.42,49.95,10.65,4.09,0.638,0.5706,6.414,0.9359,0
24.17,24.25,44.05,91.61,22.73,5.13,0.178,0.4886,15.775,0.8422,0
15.1,44.09,61.72,55.74,21.18,5.33,0.295,0.9366,17.084,0.8292,1
23.36,32.39,67.12,52.56,28.57,5.47,0.298,1.3848,32.762,0.6724,1
20.21,33.81,61.83,74.7,21.98,6.23,0.483,1.0682,24.162,0.7584,1
11.95,20.55,47.48,45.32,25.41,6.12,0.011,0.4841,5.528,0.9447,0
19.73,20.01,45.46,49.19,21.34,5.41,0.236,0.4579,11.339,0.8866,0
0.94,28.29,44.27,41.96,24.86,4.71,0.029,0.3996,1.713,0.9829,0
3.17,29.38,59.05,27.07,8.99,5.32,0.651,0.7356,4.448,0.9555,0
20.82,13.15,30.09,72.1,17.15,4.54,0.889,0.5812,12.575,0.8742,0
20.02,26.56,50.26,84.84,17.73,4.98,0.998,0.8932,20.767,0.7923,1
6.2,28.11,40.28,87.45,16.29,8.0,0.449,0.2416,0.0,1.0,0
13.5,26.28,36.03,85.46,21.11,5.4,0.26,0.3871,8.01,0.9199,0
15.35,21.49,45.4,51.14,22.44,5.7,0.853,0.5624,9.38,0.9062,0
21.76,23.68,40.83,37.73,20.75,4.42,0.113,0.3866,9.788,0.9021,0
15.28,26.59,36.65,66.03,16.76,6.32,0.974,0.2449,1.163,0.9884,0
10.61,28.73,53.97,91.38,12.85,6.04,0.715,0.614,6.31,0.9369,0
9.67,32.84,67.56,73.16,25.68,6.04,0.504,1.5887,17.972,0.8203,1
10.93,36.65,66.98,54.59,20.45,5.44,0.097,1.0234,10.945,0.8906,1
16.47,25.65,46.1,70.1,10.87,6.34,0.018,0.1964,5.298,0.947,0
21.75,24.35,46.4,76.8,16.64,6.6,0.545,0.4148,10.461,0.8954,0
11.62,31.5,58.83,88.54,5.8,5.51,0.414,0.9159,12.902,0.871,1
6.57,32.89,61.62,76.06,18.25,5.07,0.843,0.9597,6.826,0.9317,0
6.3,24.53,44.47,49.66,16.61,6.18,0.642,0.4538,1.511,0.9849,0
18.78,34.32,56.53,36.89,13.98,4.21,0.432,0.438,9.409,0.9059,0
20.51,35.84,59.64,54.99,29.09,4.41,0.226,0.7525,19.33,0.8067,1
3.08,38.33,63.66,41.25,9.91,5.14,0.48,0.9423,3.783,0.9622,0
2.13,42.23,63.43,90.42,22.94,3.28,0.163,1.3058,2.624,0.9738,0
15.06,21.07,42.35,55.64,33.31,6.11,0.667,0.7373,15.595,0.8441,1
4.08,28.11,58.39,52.76,25.54,4.14,0.606,0.8045,5.291,0.9471,0
20.7,28.09,57.35,42.86,17.78,4.68,0.81,0.8528,20.279,0.7972,1
8.1,27.22,52.08,66.15,10.06,4.97,0.45,0.5744,5.462,0.9454,0
4.02,22.81,55.12,56.6,8.47,5.24,0.279,0.6371,3.862,0.9614,0
23.06,16.12,35.8,25.32,15.12,4.82,0.836,0.2577,8.718,0.9128,0
4.56,28.74,60.48,84.54,13.19,5.13,0.691,1.0,1.067,0.9893,0
7.48,21.85,47.11,43.72,12.96,5.13,0.707,0.4538,4.294,0.9571,0
4.26,28.69,70.31,49.61,15.72,4.71,0.528,1.1897,4.909,0.9509,0
3.33,21.65,36.49,31.45,17.28,4.35,0.876,0.3477,0.401,0.996,0
1.02,19.2,37.07,59.27,21.4,6.39,0.228,0.3198,0.013,0.9999,0
1.86,29.87,54.39,71.16,9.34,2.89,0.402,0.6084,0.0,1.0,0
4.78,29.21,53.59,85.49,13.22,4.97,0.796,0.6045,0.033,0.9997,0
1.81,32.63,66.34,19.13,16.88,4.68,0.133,0.9384,3.779,0.9622,1
14.98,45.49,63.48,92.87,16.63,5.66,0.808,1.3497,21.746,0.7825,1
17.18,30.22,57.65,71.31,30.85,3.6,0.353,1.0037,14.205,0.8579,0
10.14,31.88,60.86,37.74,19.63,4.65,0.126,0.7655,7.222,0.9278,0
8.29,19.38,45.61,31.36,6.7,5.09,0.079,0.1936,3.353,0.9665,0
12.86,17.7,33.94,38.69,20.93,6.38,0.843,0.3457,4.579,0.9542,0
21.94,40.66,71.11,85.06,21.82,5.57,0.779,1.8887,44.887,0.5511,1
21.35,20.61,49.99,38.31,17.12,3.9,0.288,0.4837,13.4,0.866,0
1.57,19.65,45.25,52.03,9.51,4.66,0.116,0.2237,0.0,1.0,0
4.95,27.69,50.91,71.46,30.31,6.17,0.247,0.7607,3.656,0.9634,0
6.3,27.28,50.64,84.76,10.51,3.88,0.213,0.517,2.708,0.9729,0
6.61,20.78,42.31,67.69,22.63,5.11,0.733,0.4852,1.12,0.9888,0
14.5,25.56,51.4,75.25,19.4,5.19,0.216,0.7809,9.641,0.9036,0
10.7,37.84,60.02,28.87,22.21,4.78,0.216,0.7624,7.27,0.9273,0
1.71,21.55,38.46,85.19,29.95,8.0,0.032,0.6487,0.073,0.9993,0
9.65,16.85,32.56,37.06,21.93,4.75,0.597,0.2736,3.485,0.9652,0
13.33,35.54,53.03,25.27,14.09,5.69,0.689,0.5811,10.101,0.899,0
2.99,31.94,55.27,93.1,25.74,4.36,0.653,0.9783,3.831,0.9617,0
20.92,23.04,44.87,31.13,13.58,5.78,0.569,0.2828,8.452,0.9155,0
1.77,15.34,38.63,25.93,19.14,6.16,0.966,0.5124,0.494,0.9951,0
23.16,22.04,47.05,65.08,8.95,4.55,0.473,0.437,12.642,0.8736,0
2.93,27.56,45.8,40.51,10.77,5.14,0.86,0.1145,0.146,0.9985,0
21.17,37.33,68.12,25.67,18.36,4.22,0.646,1.0548,22.921,0.7708,1
22.62,19.71,40.1,63.09,20.58,3.94,0.084,0.3755,13.092,0.8691,0
24.5,27.32,46.72,75.72,6.08,6.34,0.81,0.449,8.825,0.9117,0
20.15,33.4,58.3,78.46,21.48,4.59,0.584,0.9549,17.371,0.8263,1
19.6,8.95,19.93,27.44,12.26,2.55,0.654,0.05,2.779,0.9722,0
16.24,36.27,53.53,59.55,26.96,7.14,0.18,0.4372,7.528,0.9247,0
19.59,18.54,46.43,80.09,15.54,4.32,0.437,0.3935,6.503,0.935,0
3.8,30.66,42.23,27.89,10.13,4.93,0.881,0.3636,0.0,1.0,0
13.63,29.97,58.68,31.61,18.53,7.0,0.215,0.2948,3.148,0.9685,0
13.1,36.68,67.74,15.19,11.59,5.04,0.0,0.7784,12.282,0.8772,1
21.51,32.41,52.19,56.97,26.88,5.02,0.258,0.4847,13.782,0.8622,0
11.84,8.98,32.73,30.57,18.0,3.85,0.488,0.2575,6.275,0.9373,0
9.93,21.72,50.44,72.94,16.94,3.4,0.821,0.8306,6.024,0.9398,0
16.17,29.11,48.3,91.98,22.14,5.02,0.643,0.7277,10.369,0.8963,0
7.03,26.44,53.65,31.7,10.97,5.6,0.919,0.5133,1.466,0.9853,0
3.92,31.82,49.79,66.93,8.98,5.54,0.456,0.5532,4.387,0.9561,0
12.21,34.31,53.45,31.95,20.86,4.67,0.391,0.5583,8.052,0.9195,0
10.71,32.87,50.07,16.44,10.3,5.22,0.231,0.3086,3.883,0.9612,0
6.2,26.29,50.34,75.68,10.3,3.18,0.218,0.5686,4.089,0.9591,0
9.5,13.23,42.18,49.72,23.86,5.71,0.736,0.5819,5.803,0.942,0
9.48,24.36,45.25,90.74,21.68,5.38,0.08,0.6162,4.355,0.9564,0
8.52,31.33,45.7,57.74,9.22,7.37,0.243,0.3285,3.955,0.9604,0
9.8,19.28,34.78,27.6,13.67,5.21,0.886,0.2744,2.766,0.9723,0
17.3,33.05,57.42,50.98,11.67,4.16,0.577,0.7126,11.305,0.8869,0
7.77,35.27,68.33,31.23,30.43,5.14,0.047,1.2288,10.765,0.8923,1
23.75,29.01,53.38,85.24,24.34,4.84,0.704,1.03,25.345,0.7466,1
22.95,3.49,23.17,70.27,15.05,5.68,0.507,0.1501,5.325,0.9467,0
12.28,17.78,44.37,42.3,22.03,5.23,0.855,0.6779,8.673,0.9133,0
8.54,43.09,63.65,57.23,8.51,3.81,0.682,0.9208,9.648,0.9035,1
13.62,23.63,43.36,68.56,13.29,3.4,0.004,0.1966,3.693,0.9631,0
21.29,12.13,28.38,77.63,18.73,5.49,0.206,0.3605,7.551,0.9245,0
16.49,37.88,68.33,21.41,21.17,6.72,0.258,1.0168,18.183,0.8182,1
20.21,28.11,34.87,16.8,17.32,5.29,0.702,0.33,8.48,0.9152,0
13.55,36.84,63.63,24.16,19.74,6.09,0.509,0.8161,12.551,0.8745,1
16.01,30.22,49.43,46.6,18.55,6.31,0.747,0.5239,10.94,0.8906,0
7.56,31.67,51.21,52.34,16.85,5.49,0.513,0.6239,3.954,0.9605,0
18.5,30.9,63.06,25.92,15.93,4.3,0.327,0.8072,17.105,0.8289,1
5.46,33.58,51.3,47.89,15.02,5.41,0.104,0.3007,0.0,1.0,0
17.52,46.22,64.14,50.33,19.62,6.53,0.203,0.8099,14.97,0.8503,1
21.59,35.77,56.99,23.73,20.88,5.78,0.401,0.6733,15.445,0.8455,0
3.74,15.36,39.84,88.33,19.39,6.02,0.551,0.5539,4.541,0.9546,0
15.55,31.57,50.92,62.93,9.75,4.69,0.939,0.4631,7.751,0.9225,0
2.83,37.13,49.69,46.08,11.01,4.98,0.24,0.5422,2.59,0.9741,0
18.28,37.62,54.43,55.55,20.79,5.07,0.666,0.7733,12.274,0.8773,0
2.57,24.59,54.28,40.14,28.3,5.14,0.153,0.6448,1.122,0.9888,0
23.43,37.32,59.77,83.35,19.07,6.48,0.714,0.961,22.676,0.7732,1
3.87,35.42,60.13,61.0,15.12,2.62,0.011,0.6621,6.732,0.9327,1
23.99,48.58,69.01,54.59,19.57,5.23,0.656,1.2384,30.227,0.6977,1
20.12,22.0,40.04,87.87,10.04,5.11,0.163,0.4825,11.048,0.8895,0
15.05,23.94,56.01,82.04,27.16,3.69,0.18,1.0375,16.583,0.8342,1
19.67,25.55,46.42,80.02,19.31,5.94,0.559,0.5901,10.163,0.8984,0
19.98,24.08,43.42,33.05,13.31,4.4,0.375,0.3698,7.727,0.9227,0
23.68,20.88,49.46,27.25,16.83,4.81,0.471,0.5187,14.532,0.8547,0
6.71,5.9,23.56,70.21,14.31,7.23,0.309,0.2502,2.03,0.9797,0
14.96,24.52,42.95,52.49,27.18,6.31,0.953,0.6994,7.423,0.9258,0
2.83,30.95,53.02,69.7,16.58,5.83,0.291,0.666,1.001,0.99,0
15.6,24.05,46.06,75.85,19.09,5.62,0.542,0.6039,11.914,0.8809,0
4.7,43.48,67.04,38.63,22.02,5.02,0.854,1.0611,6.073,0.9393,1
14.34,28.11,62.66,37.77,12.81,7.4,0.664,0.7314,13.207,0.8679,1
14.52,38.33,62.35,54.27,19.36,6.08,0.323,0.8454,11.377,0.8862,0
11.92,30.09,37.82,36.88,19.92,4.38,0.552,0.2847,6.033,0.9397,0
13.3,34.61,58.57,68.38,7.12,3.66,0.083,0.4687,6.791,0.9321,0
19.22,30.23,52.46,74.74,19.77,5.82,0.546,0.7732,18.617,0.8138,1
20.08,38.95,61.21,52.76,17.68,5.14,0.431,0.8439,18.166,0.8183,1
12.56,28.45,51.92,72.9,18.91,3.63,0.758,0.5243,3.779,0.9622,0
15.19,31.97,53.8,55.84,18.25,5.67,0.848,0.6354,11.83,0.8817,0
23.32,30.93,52.61,72.03,19.81,4.9,0.2,0.607,14.963,0.8504,0
3.43,25.69,51.37,33.0,27.36,5.78,0.082,0.6327,1.624,0.9838,0
3.37,31.24,49.99,74.11,9.74,5.69,0.391,0.3772,0.0,1.0,0
2.65,45.88,62.19,72.21,15.6,4.53,0.534,0.8076,4.863,0.9514,1
16.62,25.84,65.98,36.33,22.67,5.9,0.377,1.0903,18.156,0.8184,1
10.76,31.36,49.06,59.48,21.37,4.65,0.629,0.412,7.477,0.9252,0
19.47,38.06,60.66,83.42,21.22,4.72,0.506,1.0438,20.768,0.7923,1
16.95,37.12,50.15,34.96,37.28,4.61,0.937,0.9621,15.697,0.843,1
8.67,28.09,50.79,73.88,22.3,6.44,0.409,0.6678,8.287,0.9171,0
22.51,8.93,25.33,91.32,25.92,4.89,0.082,0.4523,11.518,0.8848,0
19.18,32.13,51.48,84.3,15.85,6.71,0.302,0.826,16.869,0.8313,1
7.13,10.24,38.51,47.12,11.05,7.16,0.606,0.1318,0.0,1.0,0
9.42,39.76,64.59,63.58,15.8,4.39,0.256,1.0613,9.607,0.9039,1
8.2,29.36,54.77,94.34,22.98,2.0,0.269,0.625,6.124,0.9388,0
4.36,36.0,47.37,60.47,20.85,6.35,0.34,0.6715,0.891,0.9911,0
4.12,20.78,53.8,24.2,20.82,4.82,0.746,0.3839,0.789,0.9921,0
23.44,15.58,30.43,18.63,16.5,4.25,0.94,0.5897,14.68,0.8532,0
11.23,30.09,61.26,78.23,15.38,4.55,0.35,0.8934,10.621,0.8938,1
9.89,27.73,55.86,48.89,16.74,4.74,0.195,0.7046,9.802,0.902,1
18.38,24.07,49.53,34.75,23.07,6.63,0.421,0.6688,12.849,0.8715,0
14.05,28.68,45.55,42.81,23.89,5.38,0.352,0.4493,5.858,0.9414,0
23.44,50.0,72.91,75.59,10.96,6.61,0.99,1.7083,45.0,0.55,1
19.62,34.68,53.85,52.22,23.34,5.74,0.464,0.588,11.99,0.8801,0
12.24,36.4,58.57,84.48,13.44,4.86,0.679,0.9938,12.404,0.876,1
9.72,34.75,55.25,73.79,21.28,4.77,0.914,0.7973,7.541,0.9246,0
24.67,39.84,49.6,92.92,16.66,5.82,0.629,0.6218,16.574,0.8343,0
18.09,26.48,55.21,86.08,28.96,6.1,0.249,1.0713,20.53,0.7947,1
23.8,11.56,33.08,35.36,15.07,6.3,0.607,0.1935,7.721,0.9228,0
3.4,26.49,45.58,67.72,19.25,4.91,0.402,0.4474,2.26,0.9774,0
21.34,34.49,53.13,16.64,22.25,5.39,0.422,0.5834,15.563,0.8444,0
16.11,20.24,44.39,94.29,11.88,5.84,0.979,0.5272,11.068,0.8893,0
3.49,26.59,43.23,35.88,17.49,4.78,0.279,0.281,1.398,0.986,0
14.91,22.47,30.93,68.18,16.13,3.95,0.469,0.4594,8.226,0.9177,0
17.31,40.02,64.46,82.93,14.4,4.31,0.16,1.0884,21.627,0.7837,1
0.8,34.0,59.11,27.84,14.92,4.93,0.179,0.5443,0.0,1.0,0
11.63,33.21,54.01,82.83,25.78,5.93,0.603,0.9031,15.133,0.8487,1
20.72,32.97,48.09,15.98,13.81,6.58,0.751,0.4738,10.25,0.8975,0
7.74,27.7,50.24,50.36,21.96,3.71,0.636,0.4635,3.271,0.9673,0
11.73,29.58,42.79,52.76,20.2,4.54,0.329,0.4507,3.804,0.962,0
11.34,18.52,34.36,44.93,8.22,4.81,0.06,0.1805,0.582,0.9942,0
7.9,10.51,28.0,61.91,21.63,6.07,0.47,0.1726,3.243,0.9676,0
23.0,29.2,56.26,88.19,8.11,4.62,0.504,0.9768,27.722,0.7228,1
19.64,30.59,50.42,41.16,22.4,4.73,0.771,0.7576,15.118,0.8488,0
3.21,37.67,56.99,61.34,14.45,3.65,0.64,0.5883,2.526,0.9747,0
24.93,40.57,74.3,85.2,18.06,5.73,0.871,1.9648,45.0,0.55,1
22.04,40.56,64.67,76.84,8.94,5.02,0.783,1.1347,28.069,0.7193,1
7.46,20.02,44.05,18.26,18.86,4.48,0.366,0.2043,5.433,0.9457,0
21.0,25.18,44.96,90.42,24.49,4.91,0.632,0.8595,21.867,0.7813,1
3.11,31.84,50.26,18.73,12.35,6.44,0.747,0.391,0.882,0.9912,0
24.98,48.26,57.14,62.1,13.75,4.09,0.957,0.9078,25.269,0.7473,1
16.81,39.84,67.65,61.03,21.18,4.27,0.422,1.1296,20.938,0.7906,1
16.43,36.96,61.65,77.91,21.36,6.58,0.648,1.0914,18.778,0.8122,1
2.72,24.9,45.82,26.88,2.0,5.28,0.393,0.4083,0.0,1.0,0
22.48,20.93,42.11,29.35,32.11,5.94,0.738,0.6715,15.23,0.8477,0
1.21,34.31,60.73,75.17,21.7,5.64,0.912,1.1039,3.244,0.9676,0
6.4,19.19,31.87,26.96,22.88,5.16,0.919,0.5577,5.829,0.9417,0
4.0,26.09,44.55,52.56,17.0,4.82,0.157,0.2926,0.921,0.9908,0
19.53,27.08,42.26,73.53,5.01,6.11,0.204,0.1695,4.903,0.951,0
5.36,40.74,73.37,67.1,22.72,6.48,0.755,1.64,10.906,0.8909,1
22.81,25.16,52.42,31.85,14.04,6.39,0.631,0.5568,11.379,0.8862,0
16.58,8.49,17.27,39.32,21.81,3.9,0.905,0.4126,6.998,0.93,0
1.39,32.04,44.95,92.52,16.47,6.64,0.314,0.6727,4.279,0.9572,1
0.63,22.41,43.61,50.89,19.67,4.81,0.848,0.451,0.784,0.9922,0
1.77,28.34,47.51,18.56,12.58,4.37,0.684,0.2157,0.0,1.0,0
15.35,27.31,41.36,32.57,24.05,5.01,0.195,0.1563,3.382,0.9662,0
20.14,25.81,59.48,42.39,9.68,6.11,0.126,0.8993,21.014,0.7899,1
6.34,34.32,58.2,94.96,33.72,5.79,0.703,1.4757,5.353,0.9465,0
21.31,15.74,40.59,39.22,33.67,4.92,0.158,0.6668,15.837,0.8416,0
1.9,23.86,41.71,17.11,29.43,6.12,0.794,0.6649,0.678,0.9932,0
20.12,33.47,59.81,56.03,26.93,5.35,0.557,0.804,14.689,0.8531,0
23.23,23.09,42.8,21.69,17.41,4.57,0.477,0.259,7.685,0.9232,0
19.42,15.13,35.43,36.93,26.17,4.42,0.276,0.618,12.926,0.8707,0
17.6,33.35,59.01,94.39,17.33,5.65,0.984,1.2034,22.128,0.7787,1
21.03,36.98,49.21,71.37,7.13,5.11,0.722,0.4107,9.37,0.9063,0
1.48,27.64,59.22,19.05,28.52,3.69,0.778,0.7661,0.0,1.0,0
5.44,12.31,35.41,50.89,25.9,6.13,0.769,0.4693,0.305,0.997,0
3.56,33.65,63.33,28.73,17.78,4.67,0.584,0.7981,1.778,0.9822,0
12.86,14.72,30.27,24.84,9.42,6.95,0.94,0.5054,8.513,0.9149,0
18.76,30.47,46.93,61.97,13.9,3.66,0.584,0.41,9.165,0.9084,0
15.94,20.9,35.93,55.45,5.25,5.0,0.52,0.1039,2.38,0.9762,0
21.35,18.72,42.22,74.43,24.62,4.43,0.274,0.5255,10.845,0.8916,0
4.3,24.46,46.86,86.38,6.78,4.13,0.282,0.4768,1.538,0.9846,0
18.5,26.53,45.75,34.73,20.01,4.66,0.737,0.3277,8.343,0.9166,0
5.23,22.85,38.76,88.84,12.09,7.15,0.335,0.4364,3.256,0.9674,0
7.13,32.71,47.11,56.44,8.01,5.36,0.729,0.5409,3.303,0.967,0
17.89,24.43,46.14,35.71,19.67,4.33,0.953,0.5137,5.893,0.9411,0
24.52,35.84,55.05,82.66,15.66,3.19,0.439,0.6437,16.337,0.8366,0
15.48,30.25,48.14,17.84,23.87,3.31,0.097,0.3903,6.047,0.9395,0
1.84,22.42,53.7,59.76,9.13,4.61,0.667,0.3608,0.0,1.0,0
15.6,21.07,42.58,72.73,12.7,4.5,0.01,0.2978,4.774,0.9523,0
1.54,14.82,44.44,37.4,2.0,4.95,0.787,0.3532,1.91,0.9809,0
22.16,30.33,49.13,84.08,2.71,2.7,0.526,0.3975,10.17,0.8983,0
17.88,25.16,48.63,34.22,30.59,5.1,0.49,0.9176,19.054,0.8095,1
4.74,9.02,30.69,82.19,32.59,6.33,0.569,0.7854,1.356,0.9864,0
2.75,23.71,35.53,21.28,18.65,6.99,0.516,0.1414,0.0,1.0,0
5.0,20.79,51.36,27.79,12.23,3.12,0.324,0.1771,0.0,1.0,0
24.51,40.61,61.79,45.48,15.91,4.32,0.282,0.6356,16.546,0.8345,0
11.73,14.38,40.86,83.32,24.12,4.26,0.415,0.73,7.356,0.9264,0
19.71,16.47,33.96,26.57,14.4,5.36,0.895,0.4163,11.498,0.885,0
16.09,36.88,57.89,85.04,19.66,3.86,0.135,1.0524,18.464,0.8154,1
14.52,38.85,55.65,33.38,17.91,7.05,0.325,0.5775,10.785,0.8921,0
4.06,22.04,51.46,51.2,14.02,5.25,0.192,0.4146,1.067,0.9893,0
23.68,22.94,46.81,43.22,14.32,5.06,0.427,0.2384,5.544,0.9446,0
7.88,32.93,57.13,24.45,20.05,6.95,0.133,0.6441,3.615,0.9639,0
14.66,9.38,39.53,90.54,11.16,5.18,0.761,0.4261,7.419,0.9258,0
17.64,13.11,42.05,50.05,21.16,5.64,0.103,0.3573,10.278,0.8972,0
16.41,25.75,52.35,70.23,14.7,4.37,0.665,0.7834,14.413,0.8559,1
23.54,40.4,53.87,61.02,18.89,3.69,0.268,0.5747,14.478,0.8552,0
4.14,24.51,42.34,55.14,27.69,4.53,0.472,0.7228,2.776,0.9722,0
12.95,28.81,44.78,64.33,16.82,7.61,0.2,0.2457,3.733,0.9627,0
10.4,37.07,63.44,86.87,24.44,5.9,0.73,1.6535,20.963,0.7904,1
12.12,44.86,67.88,70.94,5.46,5.5,0.948,1.2148,17.296,0.827,1
3.42,23.39,37.04,57.6,14.71,4.13,0.222,0.3392,1.661,0.9834,0
3.79,27.87,48.73,66.61,18.19,6.2,0.953,0.7094,2.951,0.9705,0
7.31,42.58,55.61,63.51,31.46,3.71,0.325,0.873,7.119,0.9288,0
7.97,15.82,37.5,49.65,4.28,3.48,0.558,0.3157,3.607,0.9639,0
10.98,36.22,48.29,64.98,17.33,4.59,0.702,0.6294,6.694,0.9331,0
15.47,19.85,45.03,50.49,28.2,7.35,0.199,0.5193,7.441,0.9256,0
16.05,28.82,53.09,75.61,12.5,7.29,0.445,0.5514,11.4,0.886,0
10.59,26.06,59.51,92.51,16.51,4.7,0.068,0.9803,10.853,0.8915,1
10.52,20.34,47.42,91.79,20.32,4.46,0.697,0.6869,9.219,0.9078,0
5.83,20.14,39.6,80.66,19.29,3.4,0.417,0.5877,6.312,0.9369,0
14.91,30.21,57.12,63.14,28.96,5.29,0.892,1.0827,17.761,0.8224,1
8.27,35.96,49.58,74.95,21.14,5.38,0.274,0.6,5.846,0.9415,0
1.38,26.96,43.19,29.24,27.29,6.07,0.924,0.6874,6.248,0.9375,1
10.75,28.56,52.56,53.32,15.48,6.2,0.141,0.2609,3.594,0.9641,0
12.12,32.57,41.62,35.58,12.82,4.98,0.607,0.2476,1.742,0.9826,0
6.03,20.23,42.0,15.28,16.42,5.81,0.308,0.3417,1.773,0.9823,0
14.53,33.92,49.8,92.34,9.89,4.43,0.182,0.6874,13.269,0.8673,1
14.36,34.55,57.16,84.11,21.38,5.79,0.094,0.8999,11.499,0.885,0
17.7,48.83,64.36,56.1,15.3,4.64,0.656,1.1198,19.57,0.8043,1
16.37,24.99,49.54,35.33,13.3,5.71,0.233,0.4665,10.341,0.8966,0
16.48,24.34,46.45,70.44,21.49,5.62,0.573,0.5246,9.086,0.9091,0
8.25,34.15,64.55,49.78,9.99,5.28,0.979,0.9235,7.727,0.9227,0
19.79,34.55,56.59,79.27,23.39,6.07,0.316,0.9349,21.462,0.7854,1
13.95,23.72,41.11,94.96,14.65,3.47,0.035,0.3534,4.427,0.9557,0
11.07,24.77,45.29,42.93,26.11,4.03,0.143,0.6657,5.414,0.9459,0
15.84,32.33,46.26,34.55,15.25,4.9,0.119,0.1961,1.644,0.9836,0
9.34,21.38,45.82,36.39,22.42,3.61,0.463,0.4973,5.959,0.9404,0
13.06,24.72,50.25,22.47,19.26,4.75,0.745,0.5937,8.793,0.9121,0
18.55,28.72,65.53,46.52,23.21,4.79,0.296,1.0027,18.527,0.8147,1
22.22,35.97,54.24,16.39,18.77,6.64,0.146,0.4479,9.466,0.9053,0
23.07,23.16,43.56,24.15,6.36,5.36,0.641,0.2819,7.572,0.9243,0
12.84,13.26,31.81,36.74,25.06,6.33,0.301,0.4946,8.786,0.9121,0
13.25,12.67,35.94,27.79,17.39,5.53,0.575,0.2654,2.76,0.9724,0
20.1,17.92,42.21,73.57,23.53,4.61,0.934,0.4897,9.964,0.9004,0
8.2,17.49,39.17,23.45,22.83,5.35,0.291,0.5113,2.521,0.9748,0
21.02,26.76,55.28,84.28,12.59,6.0,0.512,0.8013,17.539,0.8246,1
12.61,18.49,36.79,32.69,11.6,6.51,0.807,0.4195,6.423,0.9358,0
3.34,22.38,50.3,23.69,22.59,5.05,0.692,0.6502,5.729,0.9427,1
2.27,21.81,47.04,15.81,15.88,3.39,0.751,0.6419,1.851,0.9815,0
21.13,24.48,46.4,72.22,24.56,3.31,0.773,0.7744,17.591,0.8241,1
1.86,38.58,58.69,35.53,16.75,4.84,0.54,0.5809,2.532,0.9747,0
7.37,33.3,69.86,55.76,25.16,2.63,0.536,1.4519,12.101,0.879,1
8.69,28.13,45.23,23.93,20.96,7.17,0.719,0.4288,3.089,0.9691,0
4.74,24.31,48.1,93.82,20.02,5.86,0.698,0.6889,7.183,0.9282,1
8.19,24.53,42.03,25.03,15.38,4.5,0.67,0.1877,1.787,0.9821,0
18.7,30.62,63.34,47.95,19.63,3.98,0.382,0.8509,17.381,0.8262,1
0.86,32.67,59.99,83.13,26.35,6.33,0.829,1.2625,2.003,0.98,0
20.77,20.74,38.67,34.59,17.62,3.97,0.236,0.2733,7.528,0.9247,0
21.49,28.29,53.37,36.36,21.72,4.08,0.156,0.4146,12.778,0.8722,0
9.62,11.75,35.29,79.68,18.32,4.36,0.345,0.1994,1.32,0.9868,0
4.26,29.69,48.59,36.87,18.87,5.33,0.254,0.6599,4.208,0.9579,0
15.22,34.1,60.65,15.23,30.06,5.88,0.663,1.0243,16.641,0.8336,1
3.43,25.76,50.1,49.23,26.41,6.51,0.231,0.5382,3.54,0.9646,0
9.44,42.53,65.83,16.0,18.56,6.35,0.656,1.0168,9.607,0.9039,1
23.98,20.95,42.7,87.78,19.5,5.2,0.513,0.7876,19.923,0.8008,1
24.89,29.74,54.33,66.35,13.09,6.32,0.152,0.6305,18.612,0.8139,0
19.42,27.71,51.09,61.64,16.79,4.46,0.258,0.1951,5.53,0.9447,0
8.12,27.2,49.55,31.13,20.17,3.2,0.522,0.7671,5.159,0.9484,0
17.35,27.09,45.24,71.0,23.95,4.46,0.733,0.4164,10.406,0.8959,0
17.78,28.86,61.02,69.18,23.24,4.31,0.398,0.9552,19.194,0.8081,1
10.0,34.78,50.48,19.84,10.24,4.5,0.233,0.2089,2.365,0.9764,0
16.2,39.02,63.59,85.47,24.84,4.14,0.295,1.1945,19.441,0.8056,1
0.76,27.98,48.06,61.35,17.38,4.69,0.095,0.4582,0.957,0.9904,0
5.62,34.52,67.08,78.4,11.09,5.88,0.025,0.9554,6.619,0.9338,1
13.36,22.39,38.96,36.03,27.35,7.09,0.973,0.5975,5.989,0.9401,0
4.51,34.13,51.72,24.76,28.24,3.3,0.096,0.7357,4.051,0.9595,0
4.56,21.9,38.09,71.2,19.85,3.78,0.125,0.2622,2.387,0.9761,0
20.99,36.73,60.67,78.51,22.96,4.33,0.871,0.9523,17.411,0.8259,1
24.73,45.69,59.45,45.88,23.37,6.04,0.664,0.8372,22.727,0.7727,1
14.12,27.02,46.15,16.9,27.77,4.97,0.436,0.5376,9.43,0.9057,0
21.06,10.46,19.55,80.46,23.1,4.4,0.649,0.333,9.281,0.9072,0
24.76,23.62,47.06,31.49,8.71,5.99,0.935,0.2695,9.696,0.903,0
3.97,37.86,56.85,42.12,32.07,6.25,0.099,0.9452,3.302,0.967,0
11.48,32.42,45.5,65.26,25.46,5.18,0.244,0.6334,6.054,0.9395,0
10.12,29.99,58.5,23.0,14.43,4.3,0.86,0.5328,2.827,0.9717,0
2.46,36.07,50.22,20.76,10.79,5.5,0.781,0.3237,2.641,0.9736,0
19.01,31.88,58.66,17.06,21.53,4.94,0.994,0.7929,17.342,0.8266,1
11.13,37.74,55.54,88.33,16.05,4.93,0.314,0.6928,10.109,0.8989,0
12.0,35.36,66.96,39.91,20.31,4.64,0.945,1.1472,13.101,0.869,1
4.19,40.17,66.67,67.85,23.2,6.22,0.344,1.4248,7.398,0.926,1
4.93,30.87,46.82,94.14,14.03,5.47,0.715,0.6217,0.716,0.9928,0
22.72,35.24,51.74,68.56,10.19,6.34,0.883,0.4585,10.464,0.8954,0
1.59,25.54,51.18,57.01,20.7,6.67,0.171,0.5963,1.179,0.9882,0
6.2,23.19,43.61,56.67,14.27,5.7,0.206,0.3148,3.233,0.9677,0
7.66,41.65,62.64,45.15,19.02,4.64,0.581,0.8513,9.547,0.9045,1
12.51,29.73,59.36,62.98,8.6,6.34,0.844,0.8262,10.509,0.8949,0
14.87,34.44,51.95,91.7,16.23,5.71,0.079,0.7576,10.586,0.8941,0
12.59,28.99,51.54,78.04,23.0,8.0,0.851,0.8223,9.411,0.9059,0
2.56,23.31,51.04,48.94,22.24,5.54,0.343,0.5609,0.346,0.9965,0
6.47,28.09,54.94,41.6,12.48,5.97,0.406,0.7408,8.656,0.9134,1
21.17,39.49,60.53,85.68,9.82,5.52,0.34,1.0637,25.086,0.7491,1
16.12,32.44,52.71,25.86,18.11,5.09,0.911,0.6637,13.389,0.8661,0
16.4,14.31,25.88,82.97,21.93,4.92,0.131,0.3513,6.247,0.9375,0
16.92,26.28,41.94,35.41,20.84,5.52,0.574,0.3142,6.238,0.9376,0
19.19,42.26,66.17,72.25,14.41,5.77,0.148,1.2324,25.934,0.7407,1
1.92,26.29,47.46,79.5,20.08,6.47,0.929,0.6932,0.527,0.9947,0
9.48,13.6,36.05,53.16,28.52,5.54,0.798,0.5306,4.916,0.9508,0
13.72,43.14,71.38,30.38,19.44,4.69,0.234,1.2192,16.272,0.8373,1
8.79,33.46,48.34,82.58,6.57,4.84,0.298,0.3599,2.75,0.9725,0
21.19,27.44,48.02,44.4,19.42,3.74,0.382,0.5605,13.282,0.8672,0
12.32,25.03,48.16,40.65,32.31,7.03,0.405,0.8361,9.504,0.905,0
19.33,36.66,54.43,55.8,8.99,4.6,0.817,0.5874,12.969,0.8703,0
21.37,23.66,54.25,49.81,18.21,6.26,0.565,0.6098,14.847,0.8515,0
12.87,37.19,64.64,69.64,16.42,5.5,0.428,0.9859,12.987,0.8701,1
22.78,32.34,56.08,25.98,18.67,5.53,0.719,0.3979,9.187,0.9081,0
14.88,29.96,62.72,49.86,19.36,5.07,0.458,0.7267,11.742,0.8826,0
21.33,29.16,42.17,86.34,25.98,4.33,0.128,0.5063,11.305,0.887,0
8.84,26.6,48.55,17.89,18.59,4.13,0.107,0.2735,2.823,0.9718,0
12.72,36.37,60.56,51.59,26.94,7.1,0.326,0.9827,14.899,0.851,1
13.52,21.08,37.59,67.84,17.18,5.33,0.603,0.4773,5.03,0.9497,0
3.07,15.02,38.83,86.02,15.55,6.44,0.135,0.3666,4.773,0.9523,1
10.26,32.92,48.28,62.5,13.32,6.72,0.55,0.6295,6.757,0.9324,0
22.97,33.05,59.19,80.96,5.28,4.75,0.27,0.6983,18.229,0.8177,0
15.96,31.84,60.19,32.82,19.93,5.67,0.695,0.7666,11.829,0.8817,0
4.85,31.26,54.9,43.22,32.38,5.25,0.028,0.8223,5.997,0.94,1
8.8,25.44,36.32,90.37,21.21,3.93,0.469,0.5955,5.359,0.9464,0
5.19,34.3,50.5,85.88,22.81,5.0,0.052,0.7011,3.131,0.9687,0
1.11,27.64,53.02,59.64,15.11,5.85,0.331,0.5557,0.0,1.0,0
23.22,24.1,46.23,53.04,16.29,4.65,0.016,0.1639,4.897,0.951,0
11.48,25.5,31.34,51.09,24.89,4.84,0.469,0.3243,4.91,0.9509,0
8.03,44.17,73.62,19.7,32.06,5.01,0.767,1.8716,15.604,0.844,1
15.16,14.12,36.94,86.39,28.42,7.52,0.1,0.371,6.334,0.9367,0
0.68,32.0,49.08,80.45,23.64,3.18,0.735,0.8692,0.0,1.0,0
7.31,14.57,42.54,51.5,18.25,5.75,0.584,0.4727,2.428,0.9757,0
17.72,27.13,45.07,37.36,19.47,4.92,0.505,0.3402,6.263,0.9374,0
16.03,24.53,42.4,42.43,12.73,4.5,0.599,0.2332,5.344,0.9466,0
24.55,11.32,35.47,24.85,7.86,4.89,0.336,0.393,12.418,0.8758,0
15.7,31.11,63.8,72.74,10.11,5.93,0.71,1.1833,20.71,0.7929,1
12.2,24.96,56.7,59.53,18.35,6.0,0.78,0.739,9.559,0.9044,0
19.16,11.21,35.36,33.73,15.96,5.4,0.778,0.3459,8.384,0.9162,0
22.63,34.72,59.49,64.84,7.71,6.4,0.269,0.6285,15.416,0.8458,0
18.16,39.48,66.23,93.34,17.74,6.6,0.654,1.5177,25.716,0.7428,1
24.1,39.92,54.38,24.79,15.77,6.1,0.148,0.3964,10.822,0.8918,0
19.66,30.87,56.74,51.68,9.79,4.6,0.495,0.5629,11.621,0.8838,0
21.74,28.37,45.96,54.53,15.41,5.74,0.003,0.5428,11.463,0.8854,0
3.3,38.63,62.54,28.34,15.75,5.75,0.194,0.7145,1.486,0.9851,0
18.44,41.46,62.09,57.53,13.68,4.3,0.632,0.7247,14.65,0.8535,0
11.28,37.07,62.08,63.48,24.49,3.47,0.874,0.9211,9.005,0.9099,0
14.05,20.47,43.18,27.59,4.68,2.97,0.049,0.185,2.113,0.9789,0
16.53,29.61,34.61,27.38,4.1,5.28,0.559,0.1198,5.422,0.9458,0
24.26,31.52,54.59,83.51,18.02,5.53,0.637,0.8333,19.215,0.8078,0
24.62,13.52,39.38,39.91,18.67,3.9,0.932,0.2321,7.097,0.929,0
7.56,31.75,56.43,65.43,20.83,6.35,0.655,0.8745,4.943,0.9506,0
18.48,46.18,67.57,65.14,14.23,5.37,0.103,0.9975,18.253,0.8175,1
18.87,33.12,64.97,82.13,11.57,6.68,0.147,1.1304,22.109,0.7789,1
8.99,39.79,63.66,74.19,17.95,5.61,0.636,1.0661,8.289,0.9171,0
3.53,29.46,54.09,82.25,14.91,4.03,0.216,0.8516,4.033,0.9597,0
1.5,27.41,55.68,65.02,28.86,5.7,0.928,0.9968,3.747,0.9625,1
19.54,31.05,55.23,50.96,15.73,5.94,0.921,0.8742,19.639,0.8036,1
12.5,21.47,38.09,46.49,17.63,4.6,0.949,0.4638,8.056,0.9194,0
24.65,20.29,27.66,45.32,35.33,3.61,0.293,0.7986,19.09,0.8091,0
11.89,38.13,57.27,48.47,16.64,5.31,0.717,0.6606,7.98,0.9202,0
24.46,38.98,65.54,25.34,21.89,4.1,0.663,1.0358,27.772,0.7223,1
10.58,20.07,39.95,48.92,22.52,6.43,0.036,0.5165,7.34,0.9266,0
19.95,35.74,62.55,46.16,23.12,4.75,0.266,0.9925,23.89,0.7611,1
2.58,27.3,50.2,17.77,20.03,7.1,0.207,0.5217,3.155,0.9685,0
14.11,30.72,60.45,37.01,19.36,2.86,0.371,0.6789,11.749,0.8825,0
20.15,31.68,51.91,75.15,18.7,5.35,0.953,0.7094,19.861,0.8014,1
23.16,35.95,60.76,61.24,13.97,6.77,0.846,0.9908,24.627,0.7537,1
20.65,28.66,53.7,79.49,20.28,4.22,0.293,0.8673,18.706,0.8129,1
1.41,39.28,70.29,58.42,32.2,5.02,0.53,1.5846,2.538,0.9746,0
9.63,30.48,42.24,83.33,26.47,4.76,0.192,0.5182,3.856,0.9614,0
1.69,32.99,52.24,78.69,20.13,4.45,0.277,0.5701,1.1,0.989,0
3.18,21.33,48.42,22.86,23.99,5.47,0.065,0.5652,0.0,1.0,0
17.04,45.27,76.54,93.16,11.92,3.78,0.643,2.2794,38.914,0.6109,1
17.97,31.76,55.2,16.18,16.18,5.08,0.657,0.6446,12.413,0.8759,0
19.46,33.7,53.95,62.75,24.63,5.77,0.839,0.8677,19.604,0.804,1
21.7,15.13,41.68,78.4,28.41,4.96,0.872,0.6609,17.554,0.8245,0
18.62,21.42,48.63,41.55,12.6,4.1,0.16,0.5054,8.894,0.9111,0
20.12,37.9,57.75,62.89,14.61,6.33,0.743,0.5915,16.546,0.8345,0
1.7,30.3,54.28,43.97,33.27,6.0,0.135,1.0469,2.047,0.9795,0
6.25,12.69,41.77,19.85,18.67,4.05,0.374,0.3688,2.887,0.9711,0
15.74,36.31,69.65,15.68,30.76,3.78,0.516,1.1558,16.341,0.8366,1
21.52,23.65,50.11,22.59,19.45,4.15,0.049,0.5785,12.785,0.8722,0
0.61,39.29,61.56,22.87,19.72,5.8,0.157,0.8379,2.248,0.9775,0
13.11,27.3,48.97,63.87,15.86,5.5,0.271,0.4203,6.404,0.936,0
17.09,29.64,54.98,57.07,24.6,6.07,0.128,0.5994,11.362,0.8864,0
1.23,37.43,58.74,51.44,27.5,4.84,0.934,0.7961,1.364,0.9864,0
10.33,20.82,43.96,70.35,10.75,4.18,0.288,0.6115,4.357,0.9564,0
22.44,20.06,35.71,16.35,15.53,6.21,0.501,0.185,5.444,0.9456,0
16.95,26.43,56.21,36.68,24.41,4.59,0.997,0.6483,14.241,0.8576,0
6.32,34.62,49.78,77.19,17.09,5.41,0.567,0.6355,6.002,0.94,0
21.39,17.35,36.76,87.8,14.55,3.5,0.411,0.183,5.052,0.9495,0
9.03,14.66,37.24,50.07,25.07,4.57,0.93,0.4209,6.717,0.9328,0
21.41,34.59,68.54,21.52,25.72,6.31,0.222,1.2901,26.885,0.7311,1
7.82,23.18,42.64,78.9,14.85,4.41,0.18,0.4355,2.073,0.9793,0
14.96,24.86,42.87,85.81,19.49,6.1,0.535,0.5091,11.452,0.8855,0
10.23,13.15,31.84,48.09,9.54,2.64,0.427,0.1864,3.272,0.9673,0
7.23,22.57,54.52,34.47,11.73,4.58,0.797,0.4789,3.224,0.9678,0
22.22,27.94,33.07,18.52,18.87,5.01,0.042,0.2317,6.485,0.9352,0
5.1,35.44,51.43,62.29,18.22,7.12,0.618,0.5272,1.491,0.9851,0
2.58,21.83,60.22,87.79,11.23,3.91,0.711,0.9261,2.889,0.9711,0
8.88,41.26,66.8,69.23,12.99,5.94,0.972,1.1605,10.957,0.8904,1
18.08,22.52,37.89,40.38,10.54,6.36,0.146,0.1341,3.484,0.9652,0
20.28,22.54,44.28,66.43,21.19,4.41,0.246,0.5777,11.038,0.8896,0
24.97,40.3,62.7,81.57,4.23,4.79,0.932,1.1369,30.545,0.6946,1
7.76,29.69,56.77,53.07,10.92,5.36,0.631,0.5112,3.359,0.9664,0
10.49,23.58,56.62,80.58,4.96,3.57,0.038,0.5021,4.072,0.9593,0
3.85,26.76,51.09,46.35,20.93,4.7,0.077,0.4733,4.0,0.96,0
14.58,38.82,57.59,42.88,5.38,6.6,0.785,0.8446,16.626,0.8337,1
24.94,39.73,66.45,61.64,18.22,5.77,0.567,1.0302,30.617,0.6938,1
17.67,21.47,39.28,52.17,29.48,5.03,0.565,0.5853,12.406,0.8759,0
15.08,27.66,43.46,93.17,29.71,5.32,0.88,0.8691,13.438,0.8656,1
10.11,28.72,40.16,56.31,5.36,5.84,0.241,0.2272,2.587,0.9741,0
22.92,20.11,32.72,45.81,20.09,6.05,0.16,0.2494,7.889,0.9211,0
12.67,27.55,44.18,46.59,11.08,4.59,0.614,0.4671,5.808,0.9419,0
3.79,28.04,42.98,58.84,9.65,6.89,0.882,0.4541,3.982,0.9602,0
9.45,37.12,61.0,43.39,17.21,6.65,0.265,0.836,4.906,0.9509,0
2.15,37.66,52.46,72.83,26.6,5.94,0.681,0.9071,1.492,0.9851,0
5.45,25.37,30.37,45.45,22.2,4.27,0.152,0.4049,3.678,0.9632,0
0.93,26.29,42.02,45.73,12.99,4.08,0.172,0.4345,0.0,1.0,0
11.61,33.31,52.48,64.36,22.94,4.84,0.902,0.8911,10.451,0.8955,0
16.05,23.32,41.69,19.87,2.29,5.27,0.118,0.436,8.824,0.9118,0
8.91,32.71,63.83,67.43,12.73,3.25,0.024,1.0108,11.843,0.8816,1
10.8,27.3,45.62,55.4,12.23,5.74,0.775,0.3499,2.094,0.9791,0
24.0,20.24,47.53,51.24,18.55,6.62,0.363,0.5566,12.716,0.8728,0
18.92,20.35,42.23,72.54,16.58,5.83,0.397,0.4996,8.997,0.91,0
13.75,39.58,61.32,75.66,17.01,4.46,0.8,1.2144,14.825,0.8518,1
7.47,26.75,43.74,82.7,16.78,4.33,0.18,0.3354,0.336,0.9966,0
22.48,41.12,62.77,44.98,18.16,5.53,0.65,0.9401,20.979,0.7902,1
6.26,23.89,41.3,41.16,21.78,5.03,0.314,0.3233,4.247,0.9575,0
8.47,30.33,53.35,72.15,19.05,5.69,0.104,0.6851,5.594,0.9441,0
22.77,47.14,67.72,61.54,16.01,5.86,0.687,1.1829,28.475,0.7153,1
13.47,19.54,35.87,65.54,20.81,6.4,0.319,0.4435,5.041,0.9496,0
18.69,12.82,40.77,59.44,23.78,3.95,0.867,0.3814,9.255,0.9074,0
14.97,38.29,62.85,76.82,14.11,5.44,0.919,1.1673,21.332,0.7867,1
16.51,21.39,40.7,30.2,17.58,4.8,0.849,0.4154,6.282,0.9372,0
7.83,27.83,50.71,59.46,26.13,5.09,0.322,0.6835,8.47,0.9153,1
6.41,23.31,44.81,27.65,10.28,6.15,0.237,0.4902,3.941,0.9606,0
8.4,30.15,46.94,47.58,30.63,6.27,0.893,0.7328,6.485,0.9351,0
4.31,20.4,42.82,68.12,8.63,6.74,0.453,0.3944,2.463,0.9754,0
21.92,26.56,44.83,54.45,15.58,5.67,0.708,0.4458,11.814,0.8819,0
7.44,31.6,47.93,45.37,11.35,5.08,0.827,0.45,6.66,0.9334,0
14.26,19.93,32.2,85.8,33.32,4.92,0.278,0.9289,14.804,0.852,1
19.9,22.4,42.25,76.83,14.48,3.29,0.119,0.3532,9.12,0.9088,0
19.7,25.22,50.62,57.1,14.49,6.67,0.625,0.4611,9.567,0.9043,0
11.24,16.57,34.4,91.0,15.4,4.85,0.59,0.6034,8.647,0.9135,0
12.17,24.62,61.74,48.95,18.67,5.76,0.27,0.7719,8.358,0.9164,0
24.87,28.95,56.26,78.05,15.7,5.95,0.585,0.6096,17.051,0.8295,0
17.03,24.8,54.63,28.43,17.07,3.83,0.79,0.49,14.033,0.8597,0
20.46,25.83,52.6,37.86,2.0,4.18,0.35,0.2385,1.999,0.98,0
22.61,27.84,60.96,42.05,18.4,6.9,0.242,0.5548,14.4,0.856,0
19.8,22.75,40.03,23.47,18.12,5.52,0.725,0.3393,8.352,0.9165,0
5.04,33.53,40.16,55.14,25.27,4.56,0.786,0.5379,2.466,0.9753,0
14.27,39.49,58.81,30.38,27.16,5.06,0.954,1.0386,15.19,0.8481,1
3.0,24.28,49.63,65.73,16.69,6.39,0.148,0.5578,1.88,0.9812,0
16.5,31.88,54.79,30.21,23.71,6.23,0.889,0.7906,13.513,0.8649,0
23.91,26.08,49.74,24.88,10.29,3.59,0.765,0.2977,9.089,0.9091,0
13.06,30.92,60.85,92.53,23.37,7.0,0.702,1.3685,17.681,0.8232,1
11.11,40.53,64.82,67.66,13.99,6.26,0.313,1.1682,16.784,0.8322,1
1.38,32.07,58.86,89.92,9.71,5.03,0.022,0.8894,0.827,0.9917,0
24.01,13.81,30.18,54.19,16.7,3.89,0.508,0.3242,10.343,0.8966,0
3.02,31.63,47.06,17.67,27.8,6.36,0.286,0.4393,0.283,0.9972,0
1.51,37.86,69.55,60.95,19.27,5.72,0.29,1.4203,3.699,0.963,1
6.53,26.23,48.83,59.67,28.48,3.6,0.927,0.9585,7.669,0.9233,1
2.11,35.97,54.23,16.2,12.76,4.94,0.153,0.4534,1.679,0.9832,0
11.65,22.48,40.75,83.9,25.33,8.0,0.934,0.632,6.177,0.9382,0
13.14,16.12,34.22,64.6,13.43,5.22,0.504,0.2747,2.986,0.9701,0
8.16,29.13,46.88,74.58,19.58,4.38,0.838,0.5535,7.585,0.9242,0
1.75,13.95,28.25,54.51,19.52,4.09,0.284,0.2389,0.0,1.0,0
3.23,26.08,39.08,64.47,22.63,7.15,0.634,0.576,2.986,0.9701,0
9.92,38.29,59.12,35.6,19.76,6.13,0.557,0.7639,6.413,0.9359,0
1.98,12.72,31.16,92.9,12.83,6.75,0.924,0.5225,2.73,0.9727,0
17.61,17.76,46.41,47.06,24.16,5.47,0.179,0.5383,9.329,0.9067,0
5.57,19.74,43.5,27.99,30.12,6.58,0.205,0.4961,1.331,0.9867,0
7.9,27.49,51.09,19.47,13.91,4.27,0.949,0.4266,2.468,0.9753,0
10.16,25.07,42.62,65.89,5.15,5.38,0.098,0.203,1.556,0.9844,0
10.71,39.19,60.47,93.67,21.5,5.52,0.635,1.1854,13.804,0.862,1
0.54,35.63,59.8,86.66,15.68,6.72,0.061,1.1305,0.729,0.9927,0
3.25,31.96,58.26,71.17,17.08,5.55,0.077,0.9601,1.375,0.9863,0
21.64,29.17,50.6,94.25,21.89,4.51,0.597,0.9069,20.946,0.7905,1
0.53,31.15,59.62,72.83,14.81,5.27,0.551,0.8629,0.0,1.0,0
12.95,21.1,43.15,42.14,16.12,3.36,0.573,0.2049,4.317,0.9568,0
12.49,34.86,61.61,63.1,17.3,2.65,0.474,0.8816,12.946,0.8705,1
8.66,19.1,38.16,21.38,28.29,6.11,0.742,0.4842,4.47,0.9553,0
11.07,34.68,45.81,32.73,18.21,4.79,0.992,0.6582,8.201,0.918,0
19.62,37.49,61.1,48.4,9.35,4.91,0.276,0.4949,13.775,0.8623,0
21.11,29.69,56.04,31.15,9.63,6.11,0.323,0.5291,12.224,0.8778,0
6.88,26.59,52.04,91.28,18.97,6.74,0.323,0.6697,3.267,0.9673,0
8.4,31.2,55.74,94.65,10.09,5.79,0.763,0.8832,8.677,0.9132,1
6.44,5.11,25.02,44.67,7.06,7.32,0.348,0.2475,0.0,1.0,0
12.26,30.42,47.58,71.74,22.45,5.75,0.677,0.7512,9.411,0.9059,0
17.24,27.09,52.4,47.62,22.79,5.53,0.446,0.611,10.497,0.895,0
6.09,27.59,52.15,26.16,15.42,5.46,0.608,0.5677,2.48,0.9752,0
8.6,33.65,52.29,41.95,20.06,3.79,0.829,0.5206,4.379,0.9562,0
23.29,27.4,56.06,33.67,19.32,6.25,0.514,0.6559,18.304,0.817,0
1.69,18.88,35.58,41.25,22.22,2.51,0.475,0.472,2.645,0.9735,0
11.79,26.87,45.37,32.2,22.23,4.56,0.267,0.4647,7.525,0.9248,0
17.93,28.54,60.36,23.99,2.0,5.23,0.516,0.5377,11.211,0.8879,0
4.19,28.92,56.13,32.39,16.32,4.33,0.262,0.4991,1.763,0.9824,0
1.66,29.3,49.15,87.46,21.63,4.7,0.844,0.8712,0.0,1.0,0
3.89,36.31,60.04,21.82,15.13,7.22,0.389,0.5421,2.801,0.972,0
23.01,19.31,42.24,40.98,18.25,6.41,0.129,0.2315,3.076,0.9692,0
0.73,29.41,34.93,57.28,23.25,4.45,0.24,0.4479,0.0,1.0,0
5.11,38.32,54.88,43.36,18.57,4.68,0.535,0.5485,2.674,0.9733,0
1.27,14.12,35.82,56.41,28.56,3.8,0.916,0.4397,1.008,0.9899,0
3.21,29.44,49.3,18.47,25.89,5.98,0.301,0.7137,1.612,0.9839,0
15.69,23.32,46.8,66.89,17.17,4.93,0.264,0.3289,8.514,0.9149,0
6.42,25.03,53.81,60.08,16.61,3.04,0.407,0.5434,4.447,0.9555,0
14.45,20.76,40.83,69.48,2.0,5.31,0.968,0.3088,4.767,0.9523,0
14.96,26.64,42.3,60.38,15.71,5.68,0.845,0.4073,9.138,0.9086,0
21.31,42.73,66.68,50.03,8.53,6.26,0.15,0.8269,21.541,0.7846,1
0.62,17.88,37.92,43.01,19.55,5.12,0.614,0.4585,1.133,0.9887,0
21.41,18.64,39.71,33.11,19.07,4.79,0.792,0.4121,8.889,0.9111,0
15.67,17.58,37.83,55.01,22.87,7.38,0.768,0.6083,9.439,0.9056,0
4.49,41.82,77.27,17.08,27.78,5.21,0.489,1.8489,6.02,0.9398,1
19.44,24.3,32.86,41.26,17.82,5.99,0.732,0.5813,12.382,0.8762,0
21.46,27.79,47.46,69.23,33.96,4.61,0.584,0.675,14.104,0.859,0
6.73,24.78,46.76,23.7,19.63,5.96,0.201,0.2231,1.17,0.9883,0
23.01,20.44,37.76,20.03,8.83,3.6,0.056,0.3406,9.777,0.9022,0
11.63,26.12,53.52,67.17,14.07,4.69,0.369,0.6237,4.49,0.9551,0
15.28,47.67,74.55,46.82,15.39,3.87,0.062,1.5152,21.859,0.7814,1
24.62,39.14,60.85,79.15,22.14,4.53,0.395,1.0821,27.494,0.7251,1
9.36,21.18,41.55,89.98,11.37,6.58,0.829,0.5646,5.555,0.9445,0
20.42,33.18,54.51,91.56,15.91,4.53,0.844,0.8979,18.77,0.8123,1
8.3,21.35,42.72,49.05,16.87,5.99,0.034,0.2094,1.588,0.9841,0
20.08,13.79,35.32,36.15,14.86,6.87,0.07,0.3174,6.422,0.9358,0
15.22,36.16,57.03,63.69,23.68,5.17,0.67,0.9242,12.452,0.8755,0
5.8,37.28,60.8,65.26,22.49,6.29,0.5,1.1177,5.768,0.9423,0
10.64,36.37,62.89,64.79,26.17,5.78,0.149,1.2612,13.512,0.8649,1
8.28,24.24,38.86,40.74,15.68,5.33,0.806,0.3976,3.075,0.9692,0
2.41,26.67,42.36,20.1,26.42,6.03,0.216,0.3454,1.059,0.9894,0
1.23,34.0,45.51,31.8,8.45,7.22,0.078,0.4573,1.268,0.9873,0
8.99,31.13,58.33,27.35,8.28,4.5,0.75,0.4724,5.707,0.9429,0
0.97,24.85,48.35,24.91,9.5,4.14,0.608,0.3881,0.0,1.0,0
4.55,15.05,40.08,89.1,18.06,4.08,0.394,0.4327,0.0,1.0,0
18.27,28.91,42.33,16.11,26.42,6.29,0.693,0.5055,12.375,0.8762,0
17.85,36.63,69.34,63.15,13.79,6.44,0.911,1.4227,27.034,0.7297,1
18.6,18.42,36.77,90.8,14.66,4.61,0.034,0.3572,6.141,0.9386,0
8.27,33.11,56.12,43.8,16.49,2.85,0.628,0.6539,6.16,0.9384,0
22.31,30.65,57.78,57.17,22.01,4.46,0.218,0.6461,17.611,0.8239,0
15.05,34.0,50.08,70.66,14.66,5.8,0.474,0.5197,11.44,0.8856,0
3.59,34.98,53.7,40.37,14.27,5.13,0.424,0.4095,1.96,0.9804,0
4.02,22.44,45.52,53.21,8.58,5.4,0.39,0.3065,3.074,0.9693,0
17.48,15.06,54.21,80.37,14.0,4.62,0.19,0.6314,10.014,0.8999,0
4.74,23.73,47.54,74.63,26.24,6.32,0.803,0.9567,4.593,0.9541,0
12.93,35.11,66.75,79.68,18.64,5.58,0.38,1.2849,16.66,0.8334,1
24.8,23.66,52.9,93.99,12.82,5.85,0.887,0.5825,16.712,0.8329,0
0.6,22.45,46.66,44.63,26.65,5.37,0.355,0.7291,3.099,0.969,1
0.91,13.43,29.49,74.77,13.9,5.78,0.84,0.3912,0.775,0.9922,0
24.83,42.02,70.38,63.22,27.94,5.7,0.544,1.5793,39.375,0.6063,1
14.82,34.61,47.62,68.33,27.83,4.18,0.386,0.6332,8.05,0.9195,0
3.61,34.16,65.76,74.19,18.39,5.61,0.704,1.1327,6.882,0.9312,1
22.48,35.74,58.94,74.98,7.51,6.07,0.787,1.0364,25.606,0.7439,1
22.07,32.61,38.71,85.86,34.03,6.47,0.483,0.8282,20.43,0.7957,1
13.64,26.05,46.0,42.95,20.71,5.66,0.425,0.2672,3.731,0.9627,0
15.73,26.69,52.61,67.28,15.73,4.14,0.577,0.6298,11.173,0.8883,0
7.19,24.58,45.16,37.42,24.69,4.31,0.585,0.6583,3.341,0.9666,0
1.74,49.08,75.37,62.57,22.92,4.72,0.425,1.888,3.944,0.9606,1
15.07,32.45,49.35,75.09,27.18,5.41,0.758,0.7004,9.382,0.9062,0
7.72,24.29,38.45,78.28,13.36,5.07,0.4,0.2409,1.53,0.9847,0
16.76,31.72,53.3,48.61,20.23,3.96,0.453,0.4797,7.888,0.9211,0
20.99,19.91,42.1,55.7,9.7,3.96,0.605,0.4842,6.091,0.9391,0
0.94,40.04,59.95,41.71,22.66,2.89,0.987,0.8526,0.243,0.9976,0
15.09,22.71,52.08,28.52,17.84,2.0,0.261,0.2463,3.004,0.97,0
6.17,32.01,48.91,35.84,19.97,5.06,0.232,0.4846,2.824,0.9718,0
21.91,36.53,60.41,87.97,16.98,7.75,0.177,1.0351,24.078,0.7592,1
6.71,31.08,53.49,39.72,16.24,7.18,0.689,0.5214,6.629,0.9337,0
15.46,28.76,41.42,92.98,11.92,4.12,0.449,0.3265,6.352,0.9365,0
14.06,28.09,42.17,34.32,23.53,5.36,0.389,0.3293,5.869,0.9413,0
10.21,27.55,49.62,72.85,28.43,3.59,0.204,0.8433,9.836,0.9016,1
17.1,23.39,57.27,60.91,14.1,3.76,0.891,0.7454,15.125,0.8487,1
18.28,24.4,49.88,70.75,21.87,3.88,0.443,0.67,14.043,0.8596,0
14.39,39.84,51.48,66.52,21.03,4.95,0.608,0.6801,10.964,0.8904,0
19.08,27.13,32.13,71.54,18.06,5.0,0.113,0.3237,8.469,0.9153,0
24.59,21.71,48.11,87.44,7.31,5.48,0.108,0.4203,8.012,0.9199,0
10.77,23.87,45.29,60.08,8.89,5.93,0.067,0.2796,6.907,0.9309,0
13.11,36.8,65.65,20.43,12.53,4.83,0.367,0.9593,15.81,0.8419,1
0.81,33.4,50.12,36.67,3.03,5.24,0.473,0.5121,0.778,0.9922,0
20.0,32.48,56.58,71.66,27.86,4.0,0.245,0.7677,14.231,0.8577,0
13.25,25.94,53.02,54.53,20.57,3.72,0.35,0.5584,10.018,0.8998,0
10.5,32.59,51.9,58.88,17.79,3.55,0.006,0.5681,5.247,0.9475,0
2.8,22.85,42.29,62.73,2.67,5.91,0.351,0.4961,2.324,0.9768,0
22.3,25.92,48.07,45.61,5.23,4.83,0.119,0.4836,10.102,0.899,0
10.18,35.76,61.01,76.91,17.98,3.14,0.128,0.8128,12.355,0.8764,1
17.22,34.99,56.91,72.88,31.79,5.13,0.005,1.1401,18.206,0.8179,1
4.16,20.14,47.99,72.14,13.11,3.83,0.696,0.5069,2.32,0.9768,0
24.06,21.16,40.38,72.22,24.05,7.03,0.931,0.7273,15.617,0.8438,0
4.87,28.87,42.9,86.23,14.64,4.56,0.622,0.5738,2.853,0.9715,0
5.39,41.81,75.67,62.63,18.39,5.95,0.096,1.648,8.327,0.9167,1
21.55,12.68,31.05,92.37,26.5,6.4,0.99,0.6956,18.222,0.8178,1
22.86,30.23,48.82,24.54,15.58,4.15,0.976,0.58,14.05,0.8595,0
5.7,16.99,38.6,65.56,13.17,5.28,0.468,0.3223,3.877,0.9612,0
12.01,22.93,45.33,72.35,27.93,5.81,0.108,0.6073,6.137,0.9386,0
18.47,25.08,44.76,53.18,18.32,5.33,0.721,0.2931,6.011,0.9399,0
22.02,24.64,46.53,38.06,25.64,5.6,0.961,0.7086,16.578,0.8342,0
9.79,23.73,45.49,59.0,13.2,3.74,0.779,0.445,5.557,0.9444,0
13.17,28.06,51.11,44.18,27.85,5.81,0.624,0.62,9.389,0.9061,0
18.67,23.72,31.57,87.73,19.92,4.67,0.611,0.3881,9.52,0.9048,0
18.41,16.3,49.59,43.54,21.04,5.58,0.978,0.6191,12.897,0.871,0
19.68,34.24,55.36,29.06,18.92,6.21,0.073,0.47,11.518,0.8848,0
14.46,34.02,59.51,61.11,14.46,5.94,0.15,0.71,9.506,0.9049,0
3.06,34.75,48.48,46.68,17.99,5.58,0.831,0.3274,1.704,0.983,0
22.65,15.67,34.85,22.67,14.9,5.91,0.145,0.3683,12.466,0.8753,0
21.71,30.39,48.36,60.19,24.72,5.96,0.383,0.6125,11.9,0.881,0
20.05,33.41,64.23,58.03,16.58,6.85,0.281,0.8247,18.558,0.8144,1
2.95,19.75,38.24,28.86,7.52,5.16,0.243,0.05,1.32,0.9868,0
5.51,28.07,54.62,62.81,6.24,5.38,0.026,0.5909,5.819,0.9418,0
18.72,27.07,45.17,60.39,5.91,6.23,0.566,0.4257,10.251,0.8975,0
1.07,42.74,62.02,76.89,22.33,4.66,0.401,1.0974,1.347,0.9865,0
24.49,43.4,63.92,43.93,9.94,3.73,0.552,0.8994,24.407,0.7559,1
9.74,14.69,44.39,34.9,20.1,5.74,0.305,0.4941,3.982,0.9602,0
18.12,47.95,58.61,91.1,18.96,4.97,0.941,1.1075,20.462,0.7954,1
22.25,20.68,34.78,59.9,17.55,3.87,0.591,0.3092,6.105,0.9389,0
10.17,35.85,46.16,17.17,21.07,5.75,0.961,0.4767,7.709,0.9229,0
8.32,35.76,51.24,80.66,19.11,6.77,0.35,0.7188,7.019,0.9298,0
15.41,20.03,37.16,30.74,2.0,3.41,0.002,0.2691,3.432,0.9657,0
14.73,31.95,44.26,77.88,15.73,6.32,0.781,0.5135,8.754,0.9125,0
10.52,27.14,44.73,71.41,20.98,2.41,0.827,0.7144,9.863,0.9014,0
15.24,32.43,42.35,92.51,29.48,4.76,0.059,0.7413,13.72,0.8628,1
23.42,29.85,45.74,92.25,29.81,7.22,0.625,0.9248,21.678,0.7832,1
11.96,37.57,66.77,36.95,8.46,4.84,0.661,1.2001,9.709,0.9029,0
5.32,28.6,53.02,76.32,15.55,5.3,0.146,0.7814,4.954,0.9505,0
9.74,26.66,49.78,40.35,7.04,6.04,0.553,0.5738,4.508,0.9549,0
10.16,36.77,52.75,65.34,28.64,3.31,0.243,0.6807,8.348,0.9165,0
3.71,32.64,45.43,62.82,25.09,5.28,0.016,0.7588,4.466,0.9553,0
4.49,33.85,49.02,19.36,20.45,5.27,0.867,0.5247,4.304,0.957,0
17.27,22.68,44.42,15.41,19.16,7.25,0.492,0.3895,10.56,0.8944,0
8.82,19.64,46.85,19.62,27.66,3.84,0.782,0.3857,5.766,0.9423,0
23.9,23.46,50.87,25.24,26.48,4.78,0.723,0.6968,21.141,0.7886,1
6.47,23.03,48.82,35.61,26.11,4.18,0.994,0.5457,6.003,0.94,0
2.92,34.29,51.86,87.56,21.2,4.06,0.438,0.804,4.826,0.9517,1
18.96,35.81,57.96,56.49,15.56,6.44,0.428,0.5636,11.726,0.8827,0
22.09,26.76,46.83,78.75,23.37,5.23,0.282,0.8087,17.147,0.8285,0
7.31,39.45,60.24,82.06,23.71,4.59,0.625,1.1604,12.824,0.8718,1
5.45,38.95,73.17,73.8,16.67,4.63,0.486,1.9625,10.952,0.8905,1
5.05,29.95,41.38,46.31,15.54,4.58,0.729,0.2581,3.465,0.9654,0
13.29,21.42,42.02,84.11,25.93,4.68,0.357,0.7822,10.114,0.8989,0
11.98,40.6,69.87,74.36,29.65,3.81,0.131,1.4402,19.369,0.8063,1
6.86,27.51,40.72,74.45,12.75,4.92,0.862,0.4491,0.0,1.0,0
1.61,29.01,47.15,87.13,16.16,4.8,0.828,0.5563,0.238,0.9976,0
12.3,25.28,44.11,62.89,20.46,4.37,0.351,0.4027,5.344,0.9466,0
24.0,20.88,41.54,57.29,21.41,5.37,0.69,0.4255,12.593,0.8741,0
16.49,16.25,28.68,86.21,14.34,5.46,0.492,0.2108,6.131,0.9387,0
12.64,33.06,58.63,51.36,31.18,4.59,0.761,0.8929,10.06,0.8994,0
3.21,21.73,47.73,79.93,20.95,5.04,0.39,0.5565,2.941,0.9706,0
6.68,50.0,75.05,19.31,21.72,7.57,0.536,1.6302,13.13,0.8687,1
7.72,19.31,36.09,15.1,30.31,7.53,0.058,0.6474,9.133,0.9087,1
19.24,17.94,40.46,57.26,14.86,4.04,0.175,0.3182,8.422,0.9158,0
21.98,32.08,48.68,20.89,17.38,4.19,0.782,0.5879,13.567,0.8643,0
22.59,40.23,60.24,93.12,9.23,4.03,0.382,0.8264,18.037,0.8196,0
24.62,28.52,63.44,15.44,16.79,6.36,0.035,0.694,21.788,0.7821,1
24.57,32.58,55.15,72.45,7.58,4.76,0.168,0.6462,18.769,0.8123,0
23.85,13.25,28.13,34.47,23.23,5.46,0.412,0.3982,11.059,0.8894,0
2.26,22.58,45.66,92.4,20.94,7.4,0.718,0.6107,0.0,1.0,0
3.88,19.41,33.3,45.52,16.06,5.19,0.363,0.3694,0.0,1.0,0
7.96,12.84,27.65,17.18,17.3,5.98,0.745,0.2518,3.322,0.9668,0
14.05,28.94,44.69,17.15,23.33,5.77,0.858,0.4462,7.537,0.9246,0
2.88,10.06,29.39,59.27,10.05,4.55,0.341,0.2485,0.0,1.0,0
21.22,17.42,45.04,93.94,19.43,6.37,0.8,0.68,16.802,0.832,0
15.61,23.7,49.17,93.38,22.9,4.27,0.127,0.6562,8.468,0.9153,0
13.79,21.35,46.49,41.98,5.52,6.67,0.415,0.2592,6.474,0.9353,0
4.55,31.17,46.58,53.62,22.79,4.55,0.098,0.3494,2.047,0.9795,0
6.7,30.44,49.2,23.04,6.28,4.67,0.053,0.2233,0.943,0.9906,0
4.43,35.15,58.78,56.77,17.18,4.0,0.065,0.7841,5.214,0.9479,0
21.37,34.02,52.25,62.98,9.86,4.18,0.105,0.4651,11.865,0.8813,0
14.81,37.13,57.46,35.08,28.02,4.73,0.836,0.9822,17.483,0.8252,1
18.51,27.98,52.63,63.97,9.9,2.53,0.544,0.5588,11.542,0.8846,0
7.75,30.43,50.34,86.98,6.45,4.94,0.947,0.5738,4.942,0.9506,0
9.6,32.09,55.45,15.08,18.93,4.64,0.538,0.395,3.692,0.9631,0
10.42,29.13,60.69,33.31,15.1,6.07,0.629,0.6247,7.367,0.9263,0
19.12,24.82,45.79,31.79,7.47,5.67,0.184,0.1876,7.512,0.9249,0
19.42,25.34,54.42,24.91,21.68,4.42,0.541,0.5208,10.438,0.8956,0
5.57,21.46,46.82,28.29,4.06,4.7,0.385,0.3875,3.382,0.9662,0
23.57,31.37,44.57,65.07,10.75,4.94,0.931,0.547,13.008,0.8699,0
3.46,27.25,42.64,23.22,13.97,6.83,0.934,0.6374,0.0,1.0,0
22.45,22.69,39.69,74.08,23.62,4.3,0.198,0.3812,10.355,0.8964,0
2.96,22.7,39.57,85.96,27.07,4.41,0.62,0.8225,3.102,0.969,0
6.98,18.32,39.78,89.13,25.72,3.96,0.638,0.8061,5.67,0.9433,0
21.24,35.83,61.52,67.81,16.93,3.57,0.563,0.8777,17.502,0.825,1
4.9,28.63,58.16,30.79,2.0,5.54,0.124,0.5326,3.237,0.9676,0
10.63,21.1,44.95,21.82,20.74,5.42,0.654,0.5917,7.169,0.9283,0
11.52,34.47,53.79,33.56,28.29,6.61,0.799,0.7946,8.188,0.9181,0
6.51,23.52,33.02,91.96,26.64,6.35,0.345,0.5438,1.507,0.9849,0
17.9,16.75,39.17,91.99,21.24,7.84,0.515,0.4965,9.483,0.9052,0
21.36,36.17,58.32,45.55,9.67,5.12,0.116,0.2856,8.519,0.9148,0
21.93,23.7,46.8,41.06,14.32,4.91,0.931,0.4537,12.033,0.8797,0
8.81,24.73,59.37,55.8,31.54,3.77,0.11,0.9024,6.825,0.9318,0
13.51,28.33,57.77,38.34,8.08,5.97,0.208,0.402,6.3,0.937,0
6.59,37.14,63.85,93.37,9.97,5.33,0.298,1.2455,9.871,0.9013,1
6.5,28.16,44.39,32.7,24.6,5.92,0.826,0.401,0.87,0.9913,0
4.45,18.41,37.33,44.53,14.98,3.95,0.701,0.4054,2.018,0.9798,0
23.53,32.35,53.78,49.35,9.73,5.59,0.007,0.4747,14.945,0.8505,0
22.26,24.12,41.47,25.01,28.7,5.43,0.184,0.4743,9.885,0.9011,0
19.55,43.1,68.11,45.63,21.23,5.35,0.75,1.2026,26.575,0.7342,1
13.18,27.99,52.13,83.54,15.33,4.45,0.404,0.5195,10.139,0.8986,0
12.52,10.12,25.59,26.23,9.98,6.51,0.026,0.2108,2.843,0.9716,0
13.48,30.86,60.04,61.72,32.33,7.46,0.964,1.244,16.844,0.8316,1
13.65,43.56,66.17,47.53,17.83,3.98,0.151,0.9835,15.78,0.8422,1
11.15,40.61,52.23,28.64,27.78,5.99,0.51,0.7553,8.585,0.9141,0
3.73,42.65,64.34,15.99,24.26,2.03,0.248,0.8252,0.0,1.0,0
3.58,19.84,43.53,36.87,14.35,5.94,0.737,0.2135,0.678,0.9932,0
23.83,35.3,63.13,19.95,14.41,3.14,0.777,0.8896,23.572,0.7643,1
12.31,22.22,42.2,45.14,28.12,4.62,0.397,0.632,9.556,0.9044,0
23.85,29.79,56.76,79.82,28.24,3.76,0.658,0.9777,23.468,0.7653,1
4.51,17.82,40.94,72.57,4.86,4.96,0.909,0.4267,1.589,0.9841,0
14.08,22.84,36.95,90.79,21.85,6.12,0.815,0.7078,12.268,0.8773,0
5.59,22.59,36.1,49.16,17.15,3.16,0.415,0.4159,2.383,0.9762,0
6.7,35.19,63.92,71.62,10.77,4.8,0.441,0.916,3.827,0.9617,0
1.24,34.41,63.58,68.23,19.83,4.64,0.887,0.9406,3.219,0.9678,0
3.41,30.21,54.15,32.36,8.55,6.94,0.034,0.2561,0.592,0.9941,0
22.96,17.2,48.17,39.29,14.73,5.67,0.023,0.3045,10.299,0.897,0
8.38,25.51,53.85,57.39,12.41,3.91,0.206,0.6475,3.422,0.9658,0
15.4,22.03,48.13,78.73,14.5,4.68,0.828,0.4983,8.268,0.9173,0
11.89,34.96,51.49,51.95,17.5,6.91,0.153,0.4278,6.454,0.9355,0
10.31,37.43,69.81,33.22,10.89,5.99,0.285,1.0028,10.614,0.8939,1
13.53,36.45,61.67,94.48,29.01,4.19,0.629,1.3701,17.233,0.8277,1
5.09,21.96,41.64,24.25,21.45,4.91,0.184,0.3585,0.0,1.0,0
24.72,6.08,24.07,91.47,30.56,4.94,0.303,0.4243,14.696,0.853,0
20.55,13.86,37.41,79.72,16.88,4.61,0.467,0.5087,12.123,0.8788,0
18.67,39.37,51.35,82.11,14.16,3.32,0.228,0.5526,13.322,0.8668,0
11.98,24.79,50.99,78.59,30.31,4.45,0.992,1.2354,16.87,0.8313,1
4.25,21.99,38.27,31.65,13.95,6.73,0.163,0.1169,1.582,0.9842,0
23.06,41.14,65.36,65.61,16.75,4.78,0.85,1.3015,30.992,0.6901,1
8.86,38.12,56.99,75.54,23.04,5.09,0.47,1.0357,10.317,0.8968,1
1.73,28.2,48.61,74.65,9.34,5.35,0.129,0.3786,3.042,0.9696,0
8.89,25.65,43.11,36.73,22.98,7.64,0.118,0.3856,3.895,0.9611,0
19.96,26.94,47.98,29.49,22.08,5.21,0.5,0.3974,12.275,0.8772,0
15.76,29.82,63.15,41.25,26.89,6.4,0.354,0.9092,12.676,0.8732,0
18.9,40.8,71.11,53.39,24.23,4.54,0.235,1.4245,25.367,0.7463,1
19.94,31.38,55.51,60.9,27.1,4.91,0.959,0.9084,20.95,0.7905,1
5.69,33.81,55.66,81.96,17.23,5.21,0.463,0.6135,2.303,0.977,0
23.13,37.35,64.42,76.52,11.96,4.35,0.929,1.3823,36.871,0.6313,1
11.23,18.64,47.42,69.09,32.77,4.98,0.164,0.7594,11.214,0.8879,1
16.16,34.04,51.06,36.08,7.31,6.18,0.183,0.3591,9.278,0.9072,0
0.56,25.64,47.18,53.31,8.01,4.32,0.596,0.3015,1.631,0.9837,0
24.84,7.87,18.94,41.83,21.96,5.2,0.27,0.2641,6.746,0.9325,0
7.38,10.97,39.71,33.79,29.37,5.98,0.185,0.4931,1.147,0.9885,0
2.02,19.86,54.25,15.82,19.33,4.29,0.095,0.485,3.478,0.9652,0
11.73,32.25,54.73,42.16,25.0,6.4,0.076,0.6524,5.69,0.9431,0
3.66,28.91,38.16,35.49,4.03,5.28,0.753,0.3486,3.971,0.9603,0
4.23,29.47,55.13,60.75,14.5,5.02,0.282,0.6034,3.759,0.9624,0
15.99,43.61,60.18,19.98,4.88,2.99,0.978,0.7169,12.182,0.8782,0
10.13,17.85,35.87,36.64,23.46,4.79,0.183,0.3603,4.784,0.9522,0
23.09,27.78,53.54,18.58,7.17,5.61,0.354,0.4268,12.139,0.8786,0
8.32,30.44,53.96,66.31,9.06,7.12,0.375,0.5343,4.408,0.9559,0
18.29,22.11,41.18,60.46,21.6,5.82,0.5,0.5755,13.925,0.8607,0
11.8,28.23,46.33,42.0,25.43,6.44,0.871,0.6623,10.627,0.8937,0
16.67,15.2,37.96,26.79,16.89,3.87,0.835,0.3315,6.684,0.9332,0
15.19,39.28,58.82,91.63,21.99,5.06,0.01,0.9928,14.87,0.8513,1
12.08,22.55,37.89,61.75,21.76,6.54,0.409,0.4195,7.763,0.9224,0
23.78,44.25,64.26,69.33,16.49,4.22,0.828,1.0899,24.169,0.7583,1
8.9,27.74,51.78,57.51,10.34,6.26,0.0,0.4071,4.684,0.9532,0
4.84,36.22,57.16,79.52,21.95,6.01,0.534,0.8557,5.489,0.9451,0
17.11,27.57,41.09,86.71,22.29,5.5,0.259,0.6126,10.056,0.8994,0
21.23,27.75,55.69,45.62,24.26,4.84,0.413,0.7987,19.888,0.8011,1
1.49,23.33,28.89,70.2,20.18,4.12,0.42,0.5316,0.765,0.9923,0
11.52,28.95,48.27,33.39,9.82,7.15,0.392,0.2905,2.944,0.9706,0
22.37,30.54,48.82,67.15,22.83,5.9,0.892,0.7572,19.967,0.8003,1
18.87,21.73,44.62,46.93,17.99,5.57,0.536,0.2109,3.286,0.9671,0
24.8,27.0,52.37,15.54,14.62,4.75,0.904,0.6003,18.024,0.8198,0
13.52,23.12,51.88,91.44,15.94,5.24,0.727,0.6061,5.568,0.9443,0
16.67,46.4,64.12,84.48,13.17,5.38,0.351,1.0274,18.5,0.815,1
7.91,27.28,52.8,38.27,24.22,5.64,0.494,0.6774,5.705,0.943,0
23.71,40.36,63.54,94.82,8.07,6.01,0.39,1.1401,27.731,0.7227,1
9.48,26.44,38.17,40.37,11.05,4.34,0.829,0.2194,3.087,0.9691,0
18.59,30.07,63.48,51.71,15.7,3.59,0.188,0.7649,15.165,0.8483,0
10.38,17.43,30.8,83.1,29.3,5.29,0.936,0.7362,9.802,0.902,1
14.26,24.42,48.94,39.37,25.38,3.28,0.58,0.4834,8.523,0.9148,0
18.13,29.68,54.02,51.04,6.51,4.84,0.612,0.4925,10.711,0.8929,0
12.97,40.69,64.34,68.25,27.46,4.64,0.517,1.198,16.622,0.8338,1
22.72,29.78,48.81,25.44,27.45,5.74,0.554,0.7239,17.15,0.8285,0
10.77,39.07,66.03,48.79,9.78,7.38,0.668,1.073,11.51,0.8849,1
16.35,33.13,45.76,39.75,2.0,3.06,0.655,0.0986,2.897,0.971,0
8.89,41.02,62.62,69.14,17.49,7.7,0.214,1.0739,9.589,0.9041,1
10.5,27.53,46.14,25.88,25.86,4.94,0.582,0.4898,7.407,0.9259,0
11.28,47.12,65.06,33.62,29.14,5.58,0.355,1.1444,13.548,0.8645,1
3.58,24.12,48.69,71.91,11.9,3.64,0.637,0.3882,2.088,0.9791,0
2.75,21.87,50.33,27.5,30.26,6.3,0.548,0.7766,0.0,1.0,0
16.85,18.32,38.26,48.76,2.4,5.25,0.18,0.4676,10.355,0.8964,0
16.56,46.65,73.33,72.03,15.42,5.13,0.735,1.7434,28.804,0.712,1
16.74,34.56,56.85,76.24,15.08,3.07,0.457,0.6883,10.711,0.8929,0
0.98,25.33,41.97,22.59,26.07,5.28,0.551,0.4875,3.206,0.9679,1
8.5,37.99,58.44,83.16,27.09,6.13,0.673,0.966,9.67,0.9033,1
5.35,33.5,53.7,72.92,24.68,4.94,0.653,0.9798,6.997,0.93,1
19.56,43.73,61.55,42.14,8.55,6.49,0.749,0.7813,17.202,0.828,1
21.59,15.62,40.19,76.1,24.04,6.45,0.207,0.3932,9.697,0.903,0
6.54,25.88,49.28,73.26,21.56,4.49,0.11,0.4554,2.72,0.9728,0
16.86,24.3,36.76,63.07,6.3,6.95,0.669,0.3025,7.304,0.927,0
3.67,12.21,24.3,59.68,3.53,5.25,0.236,0.2388,2.825,0.9718,0
7.24,36.48,61.03,73.78,25.27,5.25,0.115,0.8961,6.614,0.9339,0
3.9,25.84,42.95,94.94,16.74,5.31,0.131,0.616,5.909,0.9409,1
7.45,33.92,57.73,61.28,9.0,5.28,0.313,0.6097,4.463,0.9554,0
17.03,46.88,73.56,79.7,16.54,2.31,0.992,1.7842,29.019,0.7098,1
22.8,25.17,39.55,74.54,20.55,5.0,0.157,0.3579,6.809,0.9319,0
5.46,24.63,38.16,83.46,17.42,3.7,0.299,0.577,0.518,0.9948,0
13.78,28.95,61.0,91.36,7.14,6.99,0.921,0.9515,13.095,0.8691,1
17.68,35.9,60.01,30.45,31.2,6.94,0.963,0.9897,18.11,0.8189,1
23.85,23.47,42.95,28.24,25.03,6.14,0.229,0.5679,16.267,0.8373,0
15.45,22.95,39.35,61.91,15.65,4.94,0.88,0.4327,7.435,0.9256,0
6.75,36.46,55.39,50.94,15.93,4.09,0.139,0.4451,4.608,0.9539,0
15.82,31.03,45.89,60.66,20.52,4.48,0.762,0.6408,11.043,0.8896,0
8.35,11.64,38.94,78.84,10.09,7.34,0.013,0.4047,3.701,0.963,0
24.42,18.2,35.54,89.54,20.26,4.44,0.407,0.4789,12.401,0.876,0
10.29,40.01,68.57,48.39,8.68,2.61,0.247,0.9374,12.412,0.8759,1
17.29,31.22,50.81,72.43,17.51,6.33,0.704,0.5893,8.62,0.9138,0
1.07,21.9,37.64,30.74,9.82,6.85,0.016,0.2153,0.738,0.9926,0
10.3,26.64,46.08,57.76,10.17,7.03,0.465,0.2416,2.607,0.9739,0
21.94,28.11,34.36,16.74,29.52,6.34,0.697,0.7198,18.483,0.8152,1
15.45,33.89,55.16,55.3,18.41,6.52,0.047,0.7724,12.699,0.873,0
11.38,17.13,38.11,58.63,19.45,5.26,0.897,0.4227,5.313,0.9469,0
23.43,21.27,48.22,73.84,3.92,2.92,0.361,0.4388,11.395,0.886,0
21.42,30.18,40.87,66.96,13.82,5.23,0.165,0.4438,13.154,0.8685,0
8.39,27.2,56.17,43.67,21.23,5.88,0.225,0.8545,7.478,0.9252,0
13.84,32.57,59.5,15.46,19.36,5.05,0.339,0.8404,15.553,0.8445,1
12.5,18.16,47.68,24.24,2.92,5.0,0.198,0.0699,1.892,0.9811,0
15.99,30.86,52.54,92.84,19.45,4.14,0.511,0.7705,13.198,0.868,0
8.69,36.73,64.82,88.79,20.57,4.1,0.633,1.4152,12.37,0.8763,1
6.48,31.89,45.07,41.01,26.99,7.22,0.433,0.5313,4.575,0.9543,0
22.86,29.11,55.39,35.71,13.41,7.26,0.427,0.7329,17.277,0.8272,0
23.13,27.23,44.61,49.91,2.31,5.2,0.782,0.5231,13.865,0.8614,0
21.16,21.32,33.41,70.2,11.02,5.51,0.301,0.1591,4.701,0.953,0
24.47,27.42,42.68,43.55,10.32,4.12,0.623,0.2911,9.324,0.9068,0
18.75,38.08,60.11,20.38,23.16,5.91,0.893,0.768,16.067,0.8393,1
19.23,27.05,44.1,47.22,2.0,7.14,0.222,0.2451,6.512,0.9349,0
19.18,20.88,45.14,35.85,14.86,3.52,0.62,0.3378,7.766,0.9223,0
12.27,24.06,35.21,40.99,27.98,5.71,0.948,0.6893,11.603,0.884,1
11.68,29.61,38.84,28.04,18.05,5.79,0.53,0.2471,4.095,0.9591,0
6.39,25.01,55.25,67.71,24.27,5.78,0.977,0.595,8.294,0.9171,1
16.3,31.88,59.31,57.13,6.51,7.01,0.31,0.479,8.759,0.9124,0
7.59,32.18,47.89,36.67,6.79,7.44,0.564,0.2538,3.764,0.9624,0
6.82,35.11,57.09,59.31,28.06,4.94,0.311,0.7999,4.47,0.9553,0
14.86,39.39,67.51,54.42,18.71,5.94,0.004,1.0977,19.369,0.8063,1
10.54,35.97,60.48,78.68,18.72,5.29,0.997,0.9354,9.135,0.9087,0
5.86,20.53,43.42,91.48,10.17,4.5,0.24,0.2916,2.631,0.9737,0
20.49,20.77,49.34,25.45,18.71,5.5,0.973,0.431,9.651,0.9035,0
21.58,27.39,45.01,85.71,9.98,5.94,0.653,0.3752,10.208,0.8979,0
4.61,24.39,46.58,71.38,26.31,5.44,0.904,0.6686,2.809,0.9719,0
0.68,18.89,40.79,70.4,37.09,4.23,0.967,0.8784,0.0,1.0,0
8.74,24.47,44.83,44.94,21.39,4.69,0.568,0.5462,4.644,0.9536,0
20.04,24.2,43.87,42.51,13.56,4.7,1.0,0.3021,9.809,0.9019,0
21.06,22.63,45.06,15.45,2.0,4.27,0.767,0.2612,7.582,0.9242,0
3.89,25.47,47.68,93.58,6.21,5.54,0.524,0.5006,0.0,1.0,0
19.47,37.43,53.14,63.52,28.88,5.66,0.655,0.9491,21.443,0.7856,1
3.33,29.59,56.4,47.19,10.8,6.28,0.194,0.5078,0.291,0.9971,0
10.06,47.77,63.92,58.5,15.4,4.26,0.011,0.9691,11.374,0.8863,1
24.97,29.36,50.05,18.24,22.59,4.56,0.257,0.3625,11.684,0.8832,0
5.22,25.68,45.91,28.89,28.38,6.91,0.435,0.6069,4.325,0.9568,0
4.27,28.03,52.18,64.87,16.6,5.02,0.228,0.4754,5.191,0.9481,0
10.86,30.05,39.34,56.14,15.17,5.23,0.514,0.2035,1.297,0.987,0
15.68,31.48,58.83,77.97,18.5,5.01,0.658,0.9134,16.15,0.8385,1
23.36,44.61,62.55,67.7,13.61,6.45,0.656,1.1422,30.303,0.697,1
24.53,21.24,50.56,63.11,13.98,6.49,0.894,0.4839,12.482,0.8752,0
2.21,34.87,54.0,80.22,20.88,6.42,0.966,0.852,0.685,0.9932,0
3.88,29.66,51.37,20.46,19.3,5.23,0.891,0.4138,1.219,0.9878,0
19.87,15.43,48.91,70.27,32.92,4.24,0.62,0.7271,16.18,0.8382,0
7.13,34.17,54.5,72.25,21.07,7.32,0.206,0.6395,2.464,0.9754,0
22.18,38.14,67.57,37.01,26.06,6.14,0.943,1.2271,29.549,0.7045,1
16.75,21.14,43.38,30.65,10.5,4.7,0.175,0.1962,1.872,0.9813,0
3.24,27.93,52.42,32.11,21.68,6.77,0.151,0.5086,3.848,0.9615,0
20.9,14.2,36.62,30.85,12.94,4.61,0.318,0.05,3.187,0.9681,0
4.82,17.93,45.02,56.9,20.77,6.75,0.574,0.4404,5.403,0.946,0
10.88,36.38,54.27,25.85,22.82,6.83,0.681,0.7215,9.405,0.9059,0
14.03,24.27,40.36,67.74,18.35,4.19,0.013,0.1844,2.769,0.9723,0
12.77,19.13,37.3,23.41,34.85,5.84,0.778,0.7146,8.395,0.916,0
17.31,29.84,52.43,17.15,28.0,6.06,0.175,0.6826,13.168,0.8683,0
16.49,23.82,44.5,40.54,26.24,8.0,0.296,0.4619,8.453,0.9155,0
24.81,24.23,50.5,30.35,23.35,4.38,0.322,0.5668,17.719,0.8228,0
24.99,33.91,63.74,94.09,30.34,6.78,0.332,1.3926,34.986,0.6501,1
13.15,18.71,34.85,39.24,7.94,5.22,0.76,0.355,8.621,0.9138,0
2.83,20.76,38.35,32.77,27.59,3.83,0.041,0.4748,3.501,0.965,0
18.33,29.23,42.62,30.74,11.06,5.07,0.197,0.2504,5.305,0.947,0
24.43,35.76,69.94,44.91,14.05,5.2,0.022,1.232,34.725,0.6528,1
8.3,37.91,61.73,63.47,21.93,4.04,0.778,0.9615,6.983,0.9302,0
11.8,22.68,47.56,77.56,26.63,5.54,0.984,0.7292,9.462,0.9054,0
10.91,35.5,49.46,44.17,9.92,6.25,0.66,0.577,4.645,0.9536,0
1.76,21.73,43.72,65.08,14.41,5.46,0.59,0.6188,4.16,0.9584,1
16.97,42.61,67.67,53.56,18.68,4.6,0.908,1.1271,17.337,0.8266,1
9.16,18.93,39.41,82.72,16.7,5.04,0.255,0.3818,1.465,0.9854,0
19.79,38.63,67.08,60.52,23.98,5.2,0.066,1.3053,25.975,0.7402,1
20.89,22.75,58.62,38.19,42.05,5.44,0.51,1.3163,30.968,0.6903,1
20.62,44.11,60.42,71.29,20.94,6.42,0.26,0.9912,23.282,0.7672,1
10.71,32.73,48.6,80.61,12.85,5.5,0.451,0.6191,7.275,0.9273,0
8.38,19.87,36.61,52.24,8.92,3.66,0.456,0.1675,3.384,0.9662,0
18.85,23.82,55.46,93.98,15.72,4.58,0.319,0.8888,17.657,0.8234,1
20.13,34.25,62.5,85.33,11.42,5.38,0.486,1.0593,23.245,0.7676,1
12.54,36.42,57.61,30.76,21.27,6.44,0.38,0.5462,10.144,0.8986,0
22.38,27.43,49.65,77.94,21.16,6.63,0.113,0.5051,12.342,0.8766,0
4.03,28.36,45.46,63.08,14.76,7.15,0.867,0.4249,0.539,0.9946,0
22.04,34.07,61.41,57.78,31.89,5.34,0.701,1.2846,30.493,0.6951,1
2.85,29.05,48.77,56.12,12.85,6.04,0.041,0.4803,2.646,0.9735,0
4.26,17.65,38.09,83.27,17.16,3.6,0.116,0.4337,2.132,0.9787,0
13.58,21.5,47.15,63.87,22.47,5.67,0.097,0.5607,9.918,0.9008,0
2.15,29.88,50.75,58.02,24.24,4.02,0.062,0.6178,1.033,0.9897,0
1.79,37.72,58.31,18.91,26.94,5.13,0.059,0.772,1.621,0.9838,0
0.51,40.93,62.99,50.86,21.0,8.0,0.157,0.9534,1.11,0.9889,0
11.19,34.24,61.01,87.64,25.36,5.53,0.848,1.3233,15.758,0.8424,1
19.48,30.3,62.18,71.94,13.34,4.25,0.828,0.8157,19.706,0.8029,1
1.35,33.99,59.5,19.08,24.43,5.65,0.783,0.7492,1.64,0.9836,0
16.48,22.67,49.49,85.72,24.33,4.63,0.615,0.6603,11.265,0.8873,0
20.67,26.77,47.58,81.13,28.59,4.14,0.723,0.9325,21.415,0.7859,1
4.62,21.41,39.16,58.73,6.32,7.51,0.738,0.5109,4.138,0.9586,0
4.1,18.01,43.93,16.79,11.65,6.37,0.889,0.1326,1.917,0.9808,0
21.59,30.67,53.7,59.99,23.76,5.58,0.732,0.9254,22.529,0.7747,1
20.67,29.48,42.95,19.37,2.0,4.77,0.736,0.2891,4.774,0.9523,0
13.7,33.5,53.53,40.63,21.44,4.86,0.804,0.759,6.947,0.9305,0
20.57,32.37,53.87,65.31,25.42,6.9,0.556,0.8591,21.038,0.7896,1
2.77,29.94,48.88,88.03,13.97,5.54,0.213,0.7199,2.771,0.9723,0
10.16,32.45,63.34,43.62,14.99,2.0,0.085,0.7608,8.107,0.9189,0
18.58,27.66,52.54,83.8,10.48,7.86,0.419,0.5025,11.552,0.8845,0
6.81,31.3,61.54,88.47,14.35,5.4,0.092,1.003,10.224,0.8978,1
18.93,22.19,45.77,16.68,14.55,5.58,0.169,0.3614,10.28,0.8972,0
12.85,30.96,53.45,34.15,13.22,6.4,0.024,0.3943,7.25,0.9275,0
18.88,33.35,49.73,71.79,12.84,5.71,0.3,0.5631,10.27,0.8973,0
11.88,22.64,44.71,75.55,16.1,6.02,0.97,0.545,5.753,0.9425,0
9.51,28.41,50.49,46.39,16.02,4.73,0.379,0.3865,0.107,0.9989,0
5.87,23.01,36.81,67.54,31.12,3.85,0.241,0.4776,4.019,0.9598,0
5.61,23.79,42.55,63.97,15.24,5.51,0.403,0.3363,3.872,0.9613,0
18.91,19.0,39.06,74.18,20.41,6.77,0.301,0.4615,11.795,0.8821,0
3.41,38.13,62.61,72.49,13.96,4.49,0.674,0.7653,3.798,0.962,0
2.61,36.53,61.29,21.87,13.87,4.4,0.634,0.6153,1.396,0.986,0
4.82,32.3,50.81,27.66,6.07,6.54,0.027,0.0914,0.0,1.0,0
4.8,43.78,68.59,25.62,7.0,4.7,0.511,0.9076,3.114,0.9689,0
20.67,26.49,47.39,89.6,9.55,4.75,0.036,0.5957,13.312,0.8669,0
10.26,50.0,55.0,88.08,19.29,4.79,0.677,0.7455,6.453,0.9355,0
24.76,26.18,45.27,78.79,25.53,5.13,0.936,0.8013,24.44,0.7556,1
3.86,30.04,58.52,24.34,5.49,3.47,0.907,0.9006,1.416,0.9858,0
16.51,24.82,36.73,60.94,14.16,4.61,0.206,0.4214,7.521,0.9248,0
11.49,30.98,53.65,29.98,8.43,5.45,0.743,0.4925,2.963,0.9704,0
10.13,34.68,66.2,44.47,16.15,5.45,0.793,1.1243,12.281,0.8772,1
21.94,27.09,44.52,36.37,25.53,6.47,0.864,0.4467,11.196,0.888,0
24.4,42.21,64.23,81.31,14.87,7.22,0.26,0.9541,24.353,0.7565,1
21.89,29.91,44.09,26.56,17.67,6.86,0.451,0.3875,8.334,0.9167,0
5.21,30.16,61.93,66.69,28.19,6.21,0.222,1.1435,6.104,0.939,0
5.91,20.73,42.23,93.71,21.21,5.04,0.024,0.6433,3.075,0.9692,0
16.57,31.35,53.63,69.96,12.68,4.51,0.659,0.5547,9.861,0.9014,0
7.58,26.93,57.05,21.34,19.11,5.22,0.431,0.6348,8.299,0.917,1
18.5,23.13,49.1,87.63,12.21,5.84,0.248,0.5728,11.947,0.8805,0
14.38,21.79,38.53,66.45,20.94,6.1,0.847,0.4813,8.51,0.9149,0
14.0,49.37,67.49,51.5,21.61,5.89,0.496,1.1712,16.309,0.8369,1
20.8,25.89,50.86,67.78,8.43,5.07,0.995,0.4669,9.702,0.903,0
17.91,16.34,34.6,85.32,19.23,6.07,0.793,0.5057,10.03,0.8997,0
1.15,22.41,31.71,53.17,17.18,6.59,0.869,0.3923,4.596,0.954,1
1.71,27.59,49.27,57.51,21.81,6.17,0.773,0.5738,0.532,0.9947,0
15.24,32.37,45.49,51.2,23.82,5.16,0.106,0.5461,9.698,0.903,0
12.41,32.44,64.14,20.81,21.34,4.28,0.065,0.9431,10.901,0.891,0
6.87,33.41,56.47,77.97,15.88,4.26,0.915,0.9027,1.878,0.9812,0
10.76,22.84,39.41,25.11,24.53,4.45,0.138,0.275,2.102,0.979,0
19.07,30.72,48.53,46.57,11.89,5.48,0.391,0.3944,12.568,0.8743,0
20.75,20.99,31.66,45.95,8.76,5.77,0.61,0.1336,5.036,0.9496,0
14.25,23.04,38.45,37.4,2.0,3.64,0.212,0.1741,5.89,0.9411,0
9.94,20.66,48.76,47.2,17.51,4.65,0.225,0.3192,2.994,0.9701,0
7.13,18.49,53.88,64.44,12.25,5.47,0.466,0.7121,1.421,0.9858,0
13.29,36.51,62.87,39.91,20.78,4.21,0.361,0.9366,11.242,0.8876,0
8.21,33.51,54.96,28.8,4.2,5.68,0.677,0.6075,5.934,0.9407,0
14.32,35.81,55.22,84.55,13.47,4.86,0.075,0.8052,12.63,0.8737,1
17.08,28.31,44.58,92.67,21.29,4.4,0.489,0.5974,11.122,0.8888,0
2.12,34.21,68.57,51.69,10.79,5.26,0.174,1.0064,1.291,0.9871,0
0.53,13.91,34.78,41.16,20.86,5.63,0.607,0.5742,1.856,0.9814,0
5.7,34.9,69.6,18.8,14.1,4.27,0.116,0.9974,5.021,0.9498,0
22.42,29.42,59.78,17.95,17.77,4.93,0.198,0.4847,12.821,0.8718,0
16.33,33.02,44.57,46.43,22.17,5.71,0.804,0.64,11.649,0.8835,0
4.71,31.04,49.04,89.42,24.67,4.36,0.235,0.7505,3.048,0.9695,0
22.31,20.1,38.09,73.46,18.65,3.38,0.737,0.5965,13.291,0.8671,0
12.01,16.02,37.54,42.94,12.3,3.51,0.273,0.2471,2.798,0.972,0
12.16,22.3,43.94,92.44,14.79,4.74,0.235,0.4825,9.505,0.9049,0
23.42,32.52,72.5,49.3,22.46,3.75,0.299,1.6354,41.693,0.5831,1
1.96,33.52,49.06,37.14,10.85,4.82,0.881,0.2635,2.229,0.9777,0
5.77,17.06,40.43,49.11,16.75,7.03,0.397,0.2908,0.546,0.9945,0
14.85,20.15,45.85,31.92,15.3,3.68,0.244,0.2196,1.639,0.9836,0
5.29,22.21,44.2,85.85,17.28,4.89,0.537,0.2898,3.486,0.9651,0
17.15,25.14,47.8,43.89,10.94,7.55,0.386,0.4736,10.557,0.8944,0
5.75,17.1,32.83,67.64,5.04,5.65,0.79,0.22,1.654,0.9835,0
2.93,16.62,39.26,46.12,21.65,4.8,0.99,0.583,1.152,0.9885,0
5.57,21.43,46.49,87.14,24.75,5.03,0.527,0.7554,1.949,0.9805,0
10.86,28.69,52.66,66.39,5.45,5.67,0.452,0.5743,8.121,0.9188,0
4.82,18.56,43.98,54.06,20.58,7.07,0.343,0.4035,4.024,0.9598,0
3.8,27.07,57.55,25.57,25.58,4.62,0.973,0.7434,1.789,0.9821,0
21.58,36.47,64.09,87.15,22.17,4.37,0.483,1.3131,28.437,0.7156,1
8.35,17.59,40.01,58.75,15.08,3.68,0.178,0.3852,5.562,0.9444,0
9.34,26.35,41.32,37.8,11.4,5.31,0.969,0.3542,2.605,0.9739,0
1.85,36.2,54.6,85.23,18.57,3.65,0.961,0.7815,4.411,0.9559,1
9.26,24.65,45.34,19.36,19.73,4.69,0.436,0.2703,2.673,0.9733,0
6.99,23.41,46.92,40.13,18.67,4.2,0.348,0.4305,2.595,0.974,0
15.46,37.31,56.44,57.95,16.74,6.38,0.68,0.6422,10.8,0.892,0
5.53,25.55,41.94,42.19,10.42,4.64,0.829,0.3281,1.331,0.9867,0
22.26,36.84,51.71,53.14,20.96,5.64,0.499,0.5687,15.952,0.8405,0
23.28,31.43,43.52,36.15,21.3,3.44,0.331,0.3443,11.014,0.8899,0
2.95,25.26,45.85,25.41,19.41,5.34,0.301,0.425,3.104,0.969,0
3.13,31.84,45.02,17.95,18.78,3.88,0.327,0.4198,1.681,0.9832,0
3.33,30.56,46.56,27.61,29.75,4.73,0.118,0.8024,1.984,0.9802,0
15.68,36.17,55.8,91.24,13.63,7.63,0.779,0.9874,16.285,0.8372,1
3.49,23.61,37.6,61.03,26.97,6.23,0.105,0.6614,1.679,0.9832,0
21.38,28.33,52.61,54.12,12.86,5.06,0.398,0.3992,12.299,0.877,0
18.98,27.51,53.95,45.75,25.76,8.0,0.835,0.6144,14.424,0.8558,0
20.59,33.63,52.34,71.67,26.63,4.19,0.404,0.7733,17.032,0.8297,1
13.39,19.8,39.18,26.3,15.95,6.48,0.295,0.3839,4.246,0.9575,0
24.92,36.14,61.36,37.09,29.63,3.51,0.948,1.1318,32.461,0.6754,1
1.58,31.73,49.45,67.47,21.28,4.93,0.127,0.6785,1.32,0.9868,0
10.33,17.46,34.77,53.33,11.86,3.72,0.885,0.05,0.721,0.9928,0
8.44,37.67,66.85,76.61,15.38,5.48,0.062,1.3294,14.076,0.8592,1
23.74,45.87,73.18,86.77,25.93,5.26,0.414,2.1109,45.0,0.55,1
14.63,36.01,61.62,80.87,24.46,4.86,0.632,1.002,14.869,0.8513,1
20.25,39.42,66.97,29.74,10.59,6.4,0.37,0.9914,20.927,0.7907,1
4.67,28.68,38.82,22.32,17.03,4.58,0.535,0.3351,0.0,1.0,0
24.48,14.71,44.83,28.56,19.42,5.56,0.204,0.4126,12.287,0.8771,0
12.72,13.25,37.6,77.68,14.45,6.1,0.569,0.495,5.622,0.9438,0
12.59,30.04,58.11,88.11,34.5,3.57,0.135,1.3055,16.077,0.8392,1
24.29,23.26,47.59,89.04,19.64,4.38,0.796,0.5263,13.266,0.8673,0
9.83,20.68,42.98,38.86,17.57,5.26,0.584,0.3717,3.072,0.9693,0
10.24,27.5,47.85,82.23,26.34,5.89,0.482,0.5716,4.882,0.9512,0
14.83,32.92,57.13,57.9,15.44,6.76,0.055,0.6889,11.369,0.8863,0
3.64,16.38,36.51,80.82,25.05,4.96,0.5,0.6865,2.319,0.9768,0
8.37,24.41,51.62,58.87,6.33,4.85,0.564,0.3263,3.109,0.9689,0
5.23,40.08,52.56,26.67,14.82,4.24,0.266,0.3485,5.849,0.9415,0
3.03,19.4,38.15,21.34,25.34,5.56,0.678,0.3906,0.986,0.9901,0
21.72,34.96,69.23,91.58,28.99,4.87,0.077,1.7709,40.841,0.5916,1
14.94,24.12,42.37,49.06,12.59,4.9,0.209,0.3245,6.79,0.9321,0
9.29,32.37,52.93,43.04,11.77,5.1,0.738,0.457,4.495,0.9551,0
10.51,36.78,53.48,43.5,21.97,5.81,0.147,0.645,7.664,0.9234,0
11.07,33.93,57.95,45.31,13.64,4.58,0.246,0.6979,8.23,0.9177,0
16.01,35.27,52.86,90.6,16.12,4.35,0.651,0.8935,15.486,0.8451,1
23.21,18.79,39.67,20.02,24.13,5.67,0.729,0.3587,8.887,0.9111,0
23.35,36.91,64.0,24.52,14.19,2.0,0.051,0.8562,20.727,0.7927,1
10.09,21.18,38.99,78.17,4.24,4.54,0.127,0.4149,4.619,0.9538,0
8.57,30.08,56.81,58.95,8.89,3.93,0.446,0.7559,3.533,0.9647,0
11.55,30.07,57.0,25.28,18.07,6.52,0.593,0.6199,10.13,0.8987,0
14.41,31.88,60.21,17.76,4.96,4.71,0.454,0.4941,11.402,0.886,0
11.81,30.7,53.54,32.94,15.92,4.58,0.647,0.416,5.715,0.9428,0
16.64,21.25,62.7,35.86,8.26,5.15,0.756,0.6387,12.625,0.8738,0
14.08,17.2,45.53,16.14,29.48,4.55,0.95,0.684,12.105,0.879,0
8.36,34.98,58.93,32.29,33.16,4.76,0.35,1.0752,7.099,0.929,0
8.97,29.49,46.23,74.07,10.59,5.31,0.163,0.5323,6.641,0.9336,0
9.78,37.2,58.61,83.43,19.8,4.74,0.264,0.8652,8.138,0.9186,0
2.82,27.64,58.2,86.86,11.28,4.73,0.148,0.8094,6.114,0.9389,1
4.57,16.76,49.02,46.19,15.83,4.09,0.394,0.4077,1.665,0.9833,0
18.22,35.73,66.6,40.55,30.62,3.93,0.873,1.2478,25.269,0.7473,1
10.03,25.04,51.75,94.99,14.73,5.27,0.347,0.8018,8.15,0.9185,0
5.76,30.74,45.2,76.55,16.0,5.54,0.149,0.4755,6.526,0.9347,0
14.29,22.82,47.74,57.99,11.4,3.63,0.523,0.4141,5.775,0.9422,0
19.01,41.15,55.71,35.38,26.02,6.04,0.992,0.8591,19.367,0.8063,1
6.81,20.99,34.06,40.7,2.0,6.04,0.188,0.2254,2.783,0.9722,0
20.76,25.3,48.74,56.23,14.9,6.27,0.778,0.5751,13.884,0.8612,0
23.22,28.86,54.0,58.37,17.68,5.53,0.823,0.5716,15.185,0.8482,0
15.14,19.26,46.68,16.09,13.37,5.9,0.401,0.4399,6.331,0.9367,0
16.89,30.64,55.63,91.75,24.04,7.6,0.62,1.0645,14.633,0.8537,1
1.79,40.9,66.08,61.05,26.41,4.87,0.432,1.1937,3.933,0.9607,1
23.67,24.08,40.17,62.13,8.12,4.05,0.262,0.2764,7.313,0.9269,0
10.12,31.16,52.53,31.92,32.65,3.51,0.426,0.8417,10.85,0.8915,1
23.14,6.0,18.96,76.2,8.04,7.13,0.095,0.2701,8.352,0.9165,0
14.68,27.69,37.67,73.98,27.02,7.15,0.707,0.5048,10.129,0.8987,0
0.61,25.5,51.94,22.61,19.05,4.18,0.829,0.6928,1.752,0.9825,0
1.44,21.45,38.93,62.6,14.47,4.4,0.307,0.3042,0.0,1.0,0
17.17,36.65,63.89,67.66,15.13,4.84,0.566,0.9481,18.239,0.8176,1
14.29,25.39,54.04,81.85,17.77,6.55,0.232,0.6623,9.598,0.904,0
1.15,26.58,44.86,31.49,19.46,3.78,0.127,0.2355,2.206,0.9779,0
18.71,24.98,50.52,85.21,11.56,3.04,0.664,0.4136,9.801,0.902,0
21.38,12.67,30.7,51.92,16.36,7.58,0.134,0.3274,9.336,0.9066,0
12.66,18.94,29.87,22.72,12.61,5.54,0.782,0.4839,6.259,0.9374,0
11.91,35.69,58.43,23.45,9.49,5.7,0.272,0.352,3.213,0.9679,0
0.63,11.12,30.3,30.82,12.28,4.97,0.819,0.163,0.0,1.0,0
19.77,21.87,41.23,37.62,9.95,5.71,0.369,0.344,5.018,0.9498,0
8.6,24.8,58.65,54.71,15.06,3.53,0.369,0.6585,5.004,0.95,0
22.03,41.95,54.79,74.9,21.03,4.27,0.751,0.895,18.711,0.8129,1
9.64,34.15,58.45,29.94,18.84,5.32,0.51,0.6611,4.376,0.9562,0
14.34,23.54,39.57,94.41,31.82,2.7,0.201,0.6649,10.439,0.8956,0
7.12,38.44,65.89,27.92,2.53,4.87,0.85,0.8505,7.171,0.9283,0
4.43,22.08,45.87,62.95,21.29,4.8,0.34,0.2327,1.088,0.9891,0
19.49,36.07,60.35,89.32,18.04,4.87,0.103,0.8818,17.516,0.8248,1
12.67,17.13,33.46,81.6,23.71,4.59,0.416,0.5659,6.186,0.9381,0
13.64,36.59,53.99,66.83,23.02,4.1,0.574,0.872,12.028,0.8797,0
24.15,24.75,52.31,72.24,16.85,3.2,0.61,0.7768,19.038,0.8096,0
24.11,19.77,52.4,25.74,19.21,5.36,0.836,0.6218,16.514,0.8349,0
21.46,26.26,51.14,15.77,12.79,4.87,0.541,0.1662,2.409,0.9759,0
5.1,30.22,46.83,49.73,22.3,3.69,0.224,0.3928,3.294,0.9671,0
15.06,24.04,48.08,22.16,4.85,5.27,0.262,0.4273,6.266,0.9373,0
22.01,32.43,69.0,43.62,23.44,4.88,0.101,1.3711,32.212,0.6779,1
9.67,23.34,45.95,32.9,17.84,4.69,0.736,0.586,7.511,0.9249,0
2.98,32.96,63.73,88.31,14.59,2.83,0.106,1.0876,3.836,0.9616,0
20.37,31.54,49.1,85.4,16.37,5.95,0.606,0.4969,12.682,0.8732,0
12.3,27.51,49.26,80.52,16.89,3.84,0.597,0.5952,4.468,0.9553,0
14.33,24.47,50.19,72.12,27.08,5.27,0.786,0.8053,11.432,0.8857,0
24.56,29.21,53.6,27.33,40.63,4.31,0.075,1.2163,33.371,0.6663,1
15.38,32.4,49.8,18.87,26.54,4.77,0.203,0.5868,10.656,0.8934,0
10.91,44.49,61.64,67.31,14.04,6.47,0.91,0.952,13.896,0.861,1
9.56,35.52,63.45,66.38,22.41,5.78,0.572,1.0998,13.702,0.863,1
10.73,35.81,64.96,44.55,22.71,6.44,0.458,1.0751,12.477,0.8752,1
3.4,50.0,81.07,52.81,11.52,5.56,0.748,2.3784,7.744,0.9226,1
19.97,32.13,64.95,54.13,9.17,5.64,0.903,0.8883,17.362,0.8264,1
21.02,31.88,54.68,34.19,17.56,3.24,0.263,0.3869,8.655,0.9134,0
7.47,33.63,53.76,40.13,23.65,4.85,0.901,0.8586,5.987,0.9401,0
7.94,19.93,50.03,48.47,6.72,4.95,0.109,0.1523,0.507,0.9949,0
21.92,24.45,50.73,63.25,12.95,6.55,0.978,0.7648,16.647,0.8335,0
1.09,23.95,40.06,91.47,22.01,4.64,0.165,0.2967,0.997,0.99,0
13.25,33.18,48.98,58.08,18.29,5.49,0.266,0.4144,8.915,0.9109,0
11.86,26.61,51.56,73.49,27.91,5.45,0.097,0.8684,12.363,0.8764,1
17.41,29.11,50.04,79.56,8.12,6.47,0.804,0.5874,10.659,0.8934,0
4.5,36.7,58.54,24.08,34.47,5.05,0.984,0.9512,6.068,0.9393,1
16.87,34.91,63.34,67.25,7.23,6.11,0.297,0.9278,17.148,0.8285,1
9.73,26.71,53.26,53.57,3.8,3.32,0.326,0.4299,4.497,0.955,0
15.66,22.64,52.62,60.79,17.59,3.42,0.279,0.513,8.679,0.9132,0
1.48,37.08,47.49,18.07,10.06,2.69,0.155,0.1878,0.0,1.0,0
11.81,34.19,57.71,87.5,17.73,6.06,0.787,0.9761,13.124,0.8688,1
13.3,15.15,41.32,91.22,17.48,5.94,0.061,0.3861,5.992,0.9401,0
5.75,25.49,38.34,15.28,16.63,6.19,0.968,0.654,2.724,0.9728,0
3.92,29.32,47.39,32.02,12.1,4.45,0.927,0.3884,0.33,0.9967,0
5.12,34.23,51.19,29.42,21.03,4.58,0.118,0.4279,2.831,0.9717,0
8.93,35.28,57.41,77.5,15.78,5.07,0.53,0.7475,7.716,0.9228,0
2.87,30.27,62.04,62.85,25.73,6.79,0.993,1.3373,3.378,0.9662,0
23.71,32.68,66.82,29.19,16.74,7.06,0.853,0.8646,20.215,0.7979,1
10.42,28.51,45.63,80.12,11.25,6.07,0.715,0.5407,8.125,0.9188,0
20.32,22.61,47.77,43.28,6.19,5.56,0.022,0.2479,7.989,0.9201,0
24.37,25.91,51.26,51.87,16.8,6.67,0.068,0.3073,5.868,0.9413,0
2.48,28.15,52.48,45.98,9.12,4.92,0.794,0.4001,3.244,0.9676,0
16.47,27.72,52.12,56.71,8.55,4.77,0.376,0.483,8.492,0.9151,0
21.85,12.92,36.74,53.41,21.69,5.06,0.668,0.3343,9.009,0.9099,0
16.04,24.82,56.95,36.97,5.56,4.12,0.739,0.5726,11.91,0.8809,0
11.01,28.45,57.06,48.96,27.89,5.01,0.422,1.0312,14.546,0.8545,1
11.06,25.75,41.39,87.67,19.12,3.97,0.143,0.4701,7.323,0.9268,0
1.38,26.03,52.8,55.23,17.69,6.33,0.387,0.4051,0.973,0.9903,0
13.6,31.9,59.26,88.31,10.76,5.8,0.871,0.8961,10.567,0.8943,0
24.84,19.37,43.26,59.01,23.35,6.77,0.331,0.4712,10.071,0.8993,0
23.99,14.98,43.76,76.51,17.98,3.41,0.063,0.366,11.844,0.8816,0
1.49,25.21,48.34,38.49,13.2,7.29,0.959,0.4967,2.973,0.9703,0
17.79,34.11,57.32,78.23,19.4,3.47,0.681,0.9015,15.695,0.843,1
7.89,41.5,64.23,36.15,6.22,3.88,0.541,0.9618,7.419,0.9258,0
22.62,34.26,44.15,16.56,6.55,4.52,0.829,0.3137,7.647,0.9235,0
1.61,16.25,37.77,27.86,10.16,6.64,0.411,0.1159,0.0,1.0,0
23.43,26.14,44.13,16.73,20.45,5.45,0.985,0.616,17.76,0.8224,0
21.02,30.05,44.93,90.77,17.98,4.93,0.858,0.7697,17.845,0.8216,1
3.38,29.42,60.02,95.0,25.34,4.33,0.281,1.2364,3.87,0.9613,0
1.97,32.31,57.34,75.98,11.56,3.69,0.371,0.6851,5.761,0.9424,1
20.95,20.66,42.48,23.65,22.02,6.45,0.276,0.4746,8.876,0.9112,0
4.32,28.52,47.13,86.92,17.2,6.08,0.659,0.6016,3.604,0.964,0
13.61,31.36,55.14,74.5,11.4,6.69,0.639,0.4695,5.308,0.9469,0
22.94,34.61,62.55,41.58,20.7,5.64,0.523,0.9413,22.832,0.7717,1
14.4,21.55,38.59,55.18,17.54,2.29,0.966,0.4976,8.126,0.9187,0
10.23,25.24,47.21,67.94,13.6,3.83,0.472,0.5978,7.923,0.9208,0
11.4,6.37,33.58,16.92,18.29,5.71,0.784,0.2696,3.134,0.9687,0
2.05,23.03,33.41,55.12,17.09,4.79,0.658,0.3579,0.158,0.9984,0
24.23,23.8,45.46,73.59,16.92,4.59,0.518,0.5126,13.604,0.864,0
8.11,19.84,39.27,30.06,15.11,3.99,0.042,0.2299,0.368,0.9963,0
5.14,29.32,50.52,50.5,8.87,6.24,0.657,0.4661,3.576,0.9642,0
7.51,27.55,46.54,57.6,18.52,5.7,0.643,0.5021,4.486,0.9551,0
24.13,9.93,32.75,73.85,12.38,5.75,0.125,0.2629,8.692,0.9131,0
2.81,29.72,63.27,92.16,10.86,4.5,0.796,1.3018,3.596,0.964,0
21.75,20.57,40.63,82.86,16.32,5.39,0.467,0.5759,13.587,0.8641,0
17.84,31.89,55.64,64.72,23.14,3.73,0.324,0.6545,14.623,0.8538,0
20.84,17.75,51.71,61.69,19.3,5.06,0.824,0.6234,15.963,0.8404,0
24.41,28.24,46.94,63.25,14.28,2.42,0.343,0.3449,12.414,0.8759,0
21.13,25.73,58.62,58.61,14.0,3.48,0.622,0.6447,15.557,0.8444,0
23.61,30.42,52.46,19.75,22.45,4.85,0.618,0.4099,13.484,0.8652,0
3.61,29.0,61.69,70.86,2.0,7.81,0.053,0.7998,2.279,0.9772,0
20.0,25.96,52.46,72.31,23.58,3.22,0.423,0.7624,16.121,0.8388,0
13.87,15.71,39.55,56.0,4.88,3.83,0.223,0.1919,5.306,0.9469,0
13.82,16.18,37.79,84.63,8.09,5.44,0.2,0.2964,6.154,0.9385,0
22.52,23.33,41.58,68.79,14.4,7.15,0.655,0.4718,11.607,0.8839,0
24.31,27.93,50.39,44.01,33.19,5.42,0.011,0.9117,22.085,0.7791,1
17.77,23.13,50.52,16.58,29.74,5.97,0.969,0.7315,13.66,0.8634,0
12.33,33.0,54.92,19.73,22.95,4.83,0.395,0.4872,5.435,0.9456,0
11.68,25.77,45.87,43.14,20.5,4.64,0.299,0.4145,8.198,0.918,0
9.97,20.28,40.78,51.97,4.96,5.29,0.92,0.5391,7.022,0.9298,0
9.36,25.78,53.73,28.35,19.1,4.48,0.487,0.4134,2.964,0.9704,0
10.09,29.81,59.16,30.15,14.16,6.0,0.614,0.7276,6.022,0.9398,0
2.7,30.6,48.6,33.42,12.28,3.43,0.696,0.5186,0.164,0.9984,0
2.4,43.03,61.02,77.44,19.08,6.18,0.871,0.802,1.041,0.9896,0
19.61,22.65,46.92,76.7,14.7,5.24,0.13,0.4918,10.537,0.8946,0
11.43,27.41,58.58,45.64,24.09,4.96,0.082,0.8061,11.544,0.8846,1
23.3,31.41,60.28,28.79,4.45,3.39,0.994,0.6293,14.61,0.8539,0
15.5,27.81,42.3,23.87,18.53,4.12,0.009,0.213,7.882,0.9212,0
1.36,24.0,44.41,21.97,11.85,6.52,0.708,0.2894,0.0,1.0,0
4.36,15.61,32.02,46.3,15.13,4.97,0.611,0.2485,0.0,1.0,0
5.54,23.91,44.31,18.64,20.13,5.51,0.553,0.3889,5.096,0.949,0
24.41,19.41,51.04,41.69,10.18,4.23,0.786,0.3966,13.52,0.8648,0
5.86,14.19,27.65,91.92,19.15,5.17,0.992,0.416,2.305,0.9769,0
13.14,21.63,33.92,55.6,16.51,3.69,0.047,0.358,5.947,0.9405,0
23.44,19.62,36.65,80.81,13.38,5.31,0.615,0.2393,7.835,0.9216,0
24.44,32.67,56.39,25.34,14.71,5.61,0.717,0.3955,11.556,0.8844,0
6.29,32.81,58.53,36.45,16.92,5.55,0.306,0.7645,2.86,0.9714,0
1.7,20.77,45.39,90.72,12.63,4.21,0.893,0.5539,0.0,1.0,0
4.26,25.92,54.97,45.68,18.05,4.82,0.457,0.5449,1.031,0.9897,0
2.05,13.13,24.56,66.87,16.05,5.79,0.164,0.2158,3.471,0.9653,0
5.28,24.05,53.18,93.09,13.72,4.97,0.854,0.8362,7.621,0.9238,1
14.43,31.19,51.32,59.06,29.13,4.88,0.943,0.7835,11.59,0.8841,0
22.85,34.6,60.99,39.43,20.91,7.29,0.1,0.824,18.746,0.8125,1
13.66,22.3,36.36,57.56,15.32,4.15,0.752,0.2369,4.351,0.9565,0
15.84,36.41,58.44,19.37,19.02,6.39,0.215,0.5954,10.985,0.8902,0
5.45,15.87,39.29,23.99,10.81,3.93,0.007,0.05,1.414,0.9859,0
20.11,18.02,46.95,15.57,14.94,5.92,0.261,0.4696,6.493,0.9351,0
15.64,33.68,46.17,85.74,15.76,5.98,0.855,0.5878,15.215,0.8478,1
21.67,41.37,63.55,68.7,9.27,4.64,0.141,0.9507,23.843,0.7616,1
23.75,31.95,47.44,38.87,20.71,3.86,0.131,0.4626,12.246,0.8775,0
9.02,27.68,52.71,32.69,14.46,3.03,0.739,0.5486,4.103,0.959,0
2.72,10.44,37.1,69.65,15.51,4.52,0.406,0.3287,2.572,0.9743,0
6.04,11.82,41.54,88.56,14.02,5.78,0.148,0.4527,3.727,0.9627,0
11.23,29.04,47.83,38.93,38.71,4.01,0.23,0.7997,9.61,0.9039,0
23.67,25.14,52.7,40.72,13.36,5.31,0.795,0.3921,11.618,0.8838,0
9.77,19.15,49.32,83.34,3.52,3.58,0.623,0.5095,5.175,0.9483,0
19.38,28.52,40.66,86.47,6.8,4.94,0.761,0.3418,8.436,0.9156,0
13.74,28.92,54.6,88.12,23.32,3.94,0.098,0.9945,15.527,0.8447,1
4.98,35.56,63.31,38.45,27.36,5.11,0.458,1.0624,5.986,0.9401,1
8.36,29.09,49.54,24.63,13.23,4.65,0.797,0.3542,3.739,0.9626,0
16.5,37.83,52.56,50.2,26.95,3.89,0.266,0.6439,13.812,0.8619,0
16.98,28.06,55.72,38.66,23.19,4.48,0.169,0.6438,9.23,0.9077,0
11.15,27.08,41.88,85.71,16.67,4.17,0.382,0.4454,4.124,0.9588,0
6.1,36.51,57.44,17.93,16.18,3.75,0.333,0.5816,3.773,0.9623,0
18.19,20.17,41.93,65.71,19.27,6.39,0.185,0.415,7.38,0.9262,0
4.64,50.0,76.29,87.49,24.14,4.8,0.954,2.3088,10.17,0.8983,1
23.45,31.0,49.24,93.13,20.78,2.78,0.483,0.4779,14.889,0.8511,0
5.1,31.05,48.94,67.01,13.26,4.51,0.608,0.4504,2.189,0.9781,0
3.13,32.2,54.79,90.99,16.78,6.21,0.121,0.8504,0.0,1.0,0
12.69,43.02,71.06,21.05,31.87,4.36,0.61,1.4911,18.81,0.8119,1
13.23,34.34,70.06,43.74,19.76,6.85,0.555,1.4187,19.487,0.8051,1
12.95,15.16,28.11,15.7,24.09,4.26,0.932,0.433,6.275,0.9373,0
11.2,39.23,63.12,93.49,21.78,5.75,0.412,1.4735,17.895,0.821,1
24.87,25.27,40.75,87.22,19.91,6.34,0.782,0.6974,19.841,0.8016,0
12.41,28.86,56.97,17.24,18.76,5.7,0.304,0.7042,9.075,0.9093,0
12.21,17.77,34.13,16.45,24.28,3.69,0.579,0.2751,1.939,0.9806,0
10.83,32.21,50.16,44.36,23.03,4.16,0.927,0.6309,6.56,0.9344,0
2.14,22.79,41.25,35.68,19.85,6.49,0.625,0.5537,0.189,0.9981,0
15.03,28.8,50.34,82.75,13.14,4.31,0.711,0.6481,10.033,0.8997,0
6.09,25.73,49.67,27.84,20.7,6.27,0.876,0.6264,5.132,0.9487,0
16.12,43.4,68.3,78.25,17.53,4.73,0.925,1.3061,22.577,0.7742,1
1.75,43.86,65.82,59.36,15.84,5.36,0.208,1.2128,3.501,0.965,0
24.54,28.37,42.39,45.19,36.75,3.68,0.196,0.6831,17.807,0.8219,0
11.99,28.51,54.88,26.66,7.23,4.53,0.55,0.2378,5.873,0.9413,0
22.47,25.01,46.69,94.82,24.71,4.24,0.996,0.7892,20.297,0.797,1
12.15,36.85,65.82,64.44,11.96,5.45,0.49,0.7728,10.12,0.8988,0
1.98,25.37,43.12,50.15,18.92,5.3,0.331,0.27,1.559,0.9844,0
20.64,24.63,37.02,44.69,35.98,5.71,0.537,1.049,21.81,0.7819,1
16.38,35.83,57.62,87.46,11.26,4.66,0.064,0.7405,9.527,0.9047,0
19.65,23.69,53.47,80.7,12.93,4.18,0.177,0.45,9.017,0.9098,0
10.99,27.7,50.66,79.89,17.88,5.4,0.149,0.5941,8.226,0.9177,0
16.13,15.35,36.15,64.3,12.07,4.07,0.028,0.1127,2.805,0.972,0
21.48,33.63,50.41,86.04,24.19,6.39,0.722,0.9245,20.983,0.7902,1
15.96,43.53,76.07,38.94,14.26,5.07,0.325,1.5102,23.546,0.7645,1
9.02,33.77,49.59,71.3,22.58,4.84,0.169,0.6246,2.743,0.9726,0
16.73,39.69,57.34,47.36,8.7,5.71,0.512,0.4539,10.852,0.8915,0
16.96,21.23,46.65,63.0,5.35,5.12,0.323,0.6323,11.307,0.8869,0
24.03,29.89,40.75,94.85,16.4,3.38,0.393,0.5253,13.536,0.8646,0
9.59,20.45,50.1,93.76,7.02,4.03,0.316,0.5679,4.708,0.9529,0
10.91,26.18,51.92,56.01,28.63,6.36,0.004,0.6716,9.858,0.9014,0
20.4,34.18,61.57,60.91,7.29,5.29,0.688,0.7471,17.937,0.8206,1
12.89,28.81,54.16,86.79,10.74,3.35,0.111,0.5547,6.152,0.9385,0
18.55,16.7,37.73,93.85,20.9,5.59,0.219,0.3946,10.31,0.8969,0
11.76,17.48,33.1,77.29,13.9,4.58,0.19,0.4488,5.556,0.9444,0
5.78,16.95,38.11,20.21,7.37,4.24,0.331,0.1288,0.0,1.0,0
18.76,31.93,48.08,40.81,32.28,3.94,0.16,0.4584,9.203,0.908,0
3.71,44.51,69.43,86.72,10.99,6.3,0.347,1.3896,3.949,0.9605,0
5.37,38.9,65.74,76.47,16.63,3.04,0.243,1.2429,4.636,0.9536,0
15.86,12.83,43.69,74.38,16.54,4.28,0.061,0.3558,7.755,0.9225,0
18.81,39.37,63.6,68.43,22.97,5.33,0.871,1.1519,22.395,0.7761,1
22.42,35.49,63.04,48.22,21.24,6.94,0.306,1.0432,25.856,0.7414,1
7.18,15.64,35.85,47.26,12.21,5.81,0.095,0.1231,1.592,0.9841,0
3.21,25.57,44.7,79.71,15.72,4.27,0.522,0.5512,2.741,0.9726,0
23.92,36.76,61.61,38.5,16.41,6.88,0.123,0.6474,13.72,0.8628,0
4.28,32.4,52.08,69.79,23.24,3.71,0.773,0.8006,2.102,0.979,0
5.34,17.53,41.14,73.1,9.82,5.49,0.062,0.2454,2.396,0.976,0
7.64,32.89,48.52,82.56,32.13,5.74,0.465,0.8845,4.91,0.9509,0
13.47,10.9,27.61,40.59,12.69,4.23,0.944,0.3689,6.225,0.9377,0
22.13,26.22,52.03,74.35,17.94,5.97,0.159,0.6832,14.243,0.8576,0
19.13,37.1,64.42,23.52,9.88,4.63,0.201,0.7122,14.778,0.8522,0
17.85,28.15,44.23,26.04,8.91,5.96,0.6,0.2597,8.299,0.917,0
4.79,24.01,50.03,48.39,11.88,3.18,0.98,0.6557,4.543,0.9546,0
9.26,35.11,53.92,19.42,11.21,5.57,0.386,0.505,1.976,0.9802,0
12.22,35.8,57.9,90.82,15.1,4.75,0.649,0.9107,13.079,0.8692,1
4.11,38.48,68.98,87.15,11.15,6.46,0.152,1.391,8.823,0.9118,1
7.2,34.99,61.84,18.91,22.87,5.15,0.641,0.9719,11.847,0.8815,1
8.05,36.65,63.43,82.06,12.52,6.57,0.253,1.072,9.7,0.903,1
3.62,33.86,67.32,55.71,11.74,5.76,0.613,1.0643,1.678,0.9832,0
13.98,30.12,47.9,71.16,15.25,5.06,0.089,0.4508,7.7,0.923,0
17.77,28.72,44.8,85.95,24.95,6.07,0.525,0.7232,16.486,0.8351,1
2.21,26.1,43.77,61.16,19.5,6.07,0.237,0.42,0.657,0.9934,0
12.29,18.3,38.77,24.31,17.3,5.72,0.682,0.4863,8.25,0.9175,0
19.66,20.36,28.23,15.21,7.97,2.68,0.748,0.3308,6.294,0.9371,0
18.83,25.74,46.5,54.75,10.0,4.12,0.848,0.4706,10.57,0.8943,0
20.47,29.93,48.66,90.94,9.05,6.72,0.992,0.8141,13.809,0.8619,0
11.48,39.53,66.23,60.81,27.15,3.82,0.459,1.2596,13.391,0.8661,1
20.6,27.67,51.78,44.84,21.71,6.17,0.671,0.6934,15.542,0.8446,0
6.4,36.03,54.42,17.47,11.97,5.98,0.018,0.5159,2.896,0.971,0
9.34,36.63,62.17,88.2,14.05,4.4,0.905,1.266,10.036,0.8996,1
4.82,26.15,52.49,41.17,12.22,3.01,0.616,0.5584,1.991,0.9801,0
11.95,32.76,50.15,71.38,11.8,4.57,0.421,0.5652,7.829,0.9217,0
10.11,26.05,45.09,70.54,21.22,7.49,0.434,0.7639,7.982,0.9202,0
6.4,38.58,47.22,35.31,15.99,4.25,0.758,0.3711,2.672,0.9733,0
18.92,33.09,48.54,20.1,32.57,4.33,0.833,0.773,16.936,0.8306,1
8.19,18.48,36.02,45.8,26.75,4.1,0.808,0.5054,3.862,0.9614,0
7.18,29.29,51.74,40.37,27.17,6.54,0.511,0.6588,7.21,0.9279,0
3.71,41.18,57.51,71.02,22.7,4.93,0.371,0.6276,0.775,0.9922,0
11.25,26.55,45.47,80.58,15.04,4.51,0.946,0.7086,11.635,0.8837,1
7.92,31.58,46.23,32.8,22.18,6.75,0.634,0.4022,5.297,0.947,0
9.55,32.37,55.39,57.26,15.56,5.84,0.544,0.6482,5.971,0.9403,0
6.28,19.71,44.26,18.25,29.41,4.19,0.598,0.4548,2.569,0.9743,0
19.2,32.09,56.5,32.14,20.83,3.85,0.63,0.7251,15.391,0.8461,0
23.29,16.85,38.92,75.94,19.84,6.47,0.713,0.4061,11.984,0.8802,0
12.7,23.0,35.75,78.47,18.89,5.22,0.553,0.2908,6.082,0.9392,0
16.25,36.61,54.89,77.11,30.18,3.5,0.875,1.0544,15.792,0.8421,1
21.75,30.85,50.41,26.39,7.96,3.24,0.86,0.3275,9.224,0.9078,0
24.97,25.56,45.14,59.08,30.87,3.97,0.442,0.6311,13.989,0.8601,0
15.53,31.57,54.02,48.82,16.7,3.84,0.169,0.521,8.604,0.914,0
22.3,27.52,58.07,94.32,8.16,2.95,0.577,1.0,26.134,0.7387,1
22.76,28.1,54.97,67.33,12.73,3.99,0.621,0.5402,11.44,0.8856,0
19.89,33.25,49.33,89.82,6.44,4.19,0.523,0.4546,7.601,0.924,0
11.79,22.18,48.25,26.63,22.58,4.69,0.891,0.5654,7.551,0.9245,0
2.49,28.32,54.16,51.07,10.73,7.06,0.093,0.53,3.651,0.9635,0
0.89,25.5,42.67,76.73,19.18,4.91,0.287,0.6159,1.092,0.9891,0
12.19,15.32,42.41,44.43,25.94,5.02,0.866,0.4624,3.042,0.9696,0
12.61,20.64,41.67,65.6,13.3,5.76,0.939,0.4,2.844,0.9716,0
10.48,40.55,54.09,55.94,16.12,4.94,0.426,0.6996,7.922,0.9208,0
14.42,31.08,55.81,94.35,8.88,5.64,0.193,1.0061,13.277,0.8672,1
14.03,17.41,40.71,28.91,15.28,5.51,0.42,0.1956,3.654,0.9635,0
21.0,15.68,36.31,89.83,36.02,5.33,0.456,0.7752,17.905,0.8209,1
3.16,27.1,48.88,47.13,23.45,8.0,0.52,0.6388,1.275,0.9873,0
6.02,40.49,58.17,52.44,16.15,6.2,0.274,0.5991,6.776,0.9322,1
19.93,26.51,52.17,57.29,13.72,4.01,0.313,0.3927,10.0,0.9,0
21.27,38.46,60.2,36.23,17.7,5.61,0.656,0.7759,19.835,0.8016,1
24.87,30.82,53.81,92.09,18.91,4.33,0.622,1.0218,28.644,0.7136,1
21.89,31.77,55.91,87.92,15.07,5.69,0.662,0.7127,16.746,0.8325,0
22.3,17.31,32.39,92.83,21.71,3.69,0.377,0.5986,14.466,0.8553,0
8.2,35.5,52.13,94.75,11.33,3.98,0.336,0.6208,4.89,0.9511,0
10.34,25.32,34.06,68.58,11.29,5.58,0.352,0.2987,4.632,0.9537,0
7.07,34.9,60.29,51.13,20.59,6.3,0.951,1.0727,6.737,0.9326,0
15.35,21.49,36.21,83.06,9.82,5.75,0.395,0.3527,9.052,0.9095,0
23.5,29.42,52.21,16.9,23.1,6.14,0.606,0.5717,13.768,0.8623,0
8.94,30.82,55.04,81.75,17.9,5.61,0.523,0.8685,8.454,0.9155,0
14.15,26.77,52.38,54.78,5.2,5.39,0.876,0.4939,7.302,0.927,0
7.76,31.24,46.01,68.86,18.77,4.65,0.369,0.5373,3.691,0.9631,0
4.66,25.87,47.48,44.92,6.2,6.09,0.434,0.3174,5.181,0.9482,0
5.28,22.81,54.83,44.49,22.85,6.33,0.843,0.8282,3.793,0.9621,0
1.92,40.84,73.13,17.54,16.26,5.13,0.161,1.1428,1.719,0.9828,0
23.76,36.39,64.32,48.9,30.96,5.07,0.594,1.107,26.794,0.7321,1
10.37,21.91,45.94,47.67,25.5,6.95,0.4,0.4128,4.771,0.9523,0
20.94,32.55,48.52,32.98,10.58,5.18,0.986,0.4294,10.121,0.8988,0
17.19,22.06,48.37,34.79,3.85,5.28,0.721,0.1963,2.475,0.9752,0
5.2,18.52,39.57,61.73,12.71,5.73,0.011,0.1801,0.377,0.9962,0
4.8,36.27,61.63,40.42,9.45,5.09,0.839,0.6286,4.146,0.9585,0
20.39,14.37,32.57,81.42,30.78,4.3,0.703,0.8233,19.731,0.8027,1
6.99,35.41,56.38,23.91,17.93,5.62,0.561,0.4948,3.72,0.9628,0
22.88,25.98,48.96,61.21,24.53,5.16,0.236,0.4503,11.895,0.8811,0
3.93,26.31,49.79,27.8,16.0,7.23,0.149,0.4258,1.168,0.9883,0
17.1,31.28,56.24,57.26,16.74,6.07,0.628,0.869,14.974,0.8503,1
20.45,32.65,51.17,59.2,17.77,4.54,0.44,0.5227,10.426,0.8957,0
6.26,21.39,35.33,66.38,25.75,6.0,0.862,0.558,1.115,0.9888,0
7.27,33.74,65.49,49.19,20.18,5.54,0.262,1.1377,7.348,0.9265,0
24.13,28.91,65.84,55.76,10.6,6.64,0.638,1.1002,29.669,0.7033,1
6.98,17.95,42.64,29.48,29.36,4.62,0.249,0.598,3.699,0.963,0
11.03,26.64,40.7,52.04,15.95,5.41,0.636,0.3089,3.303,0.967,0
11.1,39.05,56.41,44.84,14.81,5.09,0.048,0.5729,6.224,0.9378,0
6.7,41.41,66.47,68.29,2.0,5.26,0.392,0.8992,8.288,0.9171,1
19.51,33.74,63.79,49.79,22.44,4.23,0.173,0.8619,16.441,0.8356,1
19.41,18.48,33.2,77.35,18.71,5.83,0.606,0.5584,12.445,0.8755,0
9.77,31.92,53.18,49.08,18.7,5.66,0.317,0.6944,7.054,0.9295,0
20.96,34.81,57.98,33.86,15.18,6.61,0.772,0.7162,16.424,0.8358,0
5.72,33.81,60.99,36.9,13.97,5.19,0.115,0.4354,3.057,0.9694,0
0.61,34.28,54.22,18.62,15.41,4.75,0.556,0.373,0.325,0.9968,0
14.49,30.91,43.52,58.19,21.24,6.07,0.594,0.4226,8.154,0.9185,0
24.85,27.42,53.15,81.47,22.47,4.33,0.022,0.6969,18.981,0.8102,0
1.45,23.13,51.88,76.53,16.38,6.39,0.036,0.4369,3.528,0.9647,1
5.6,12.82,34.32,50.02,24.64,6.39,0.308,0.397,2.452,0.9755,0
13.21,30.72,55.15,30.69,17.45,6.58,0.609,0.7857,8.193,0.9181,0
20.34,29.49,48.64,84.08,14.47,5.61,0.963,0.6932,16.396,0.836,0
2.68,32.46,49.39,19.54,19.39,4.66,0.091,0.4241,1.833,0.9817,0
10.18,17.3,45.46,46.94,8.48,5.32,0.703,0.2475,2.984,0.9702,0
18.8,33.16,57.49,83.53,19.63,5.62,0.693,0.7637,15.026,0.8497,0
9.6,44.44,69.38,46.45,7.2,4.58,0.669,0.9839,6.332,0.9367,0
5.13,28.63,59.64,24.43,10.81,6.67,0.516,0.4392,0.0,1.0,0
5.29,27.51,43.18,36.28,3.87,5.84,0.967,0.3505,4.716,0.9528,0
10.55,30.47,49.16,63.0,16.77,4.22,0.502,0.5437,5.202,0.948,0
12.25,44.26,67.21,27.16,29.27,7.27,0.838,1.1968,16.799,0.832,1
21.61,19.81,38.42,67.39,17.18,5.31,0.263,0.3601,6.505,0.9349,0
16.24,29.63,56.32,50.05,22.51,4.0,0.806,0.9173,14.03,0.8597,1
17.41,21.6,42.48,41.75,34.47,4.29,0.997,1.0329,20.074,0.7993,1
24.58,23.62,39.67,34.27,20.83,6.84,0.91,0.5514,15.064,0.8494,0
10.59,27.6,50.0,80.87,12.64,7.21,0.304,0.5406,7.048,0.9295,0
10.38,38.78,61.8,46.73,13.61,6.31,0.846,0.908,9.827,0.9017,1
23.12,42.41,70.02,74.08,18.0,6.65,0.095,1.582,37.759,0.6224,1
6.52,31.59,55.94,50.23,13.57,6.54,0.678,0.4014,1.697,0.983,0
18.38,24.99,49.75,22.35,14.09,5.81,0.342,0.5497,9.188,0.9081,0
18.99,47.94,71.86,50.24,24.9,5.56,0.659,1.4856,31.632,0.6837,1
2.9,24.58,45.45,55.62,25.18,5.79,0.412,0.5045,4.102,0.959,0
11.97,23.43,41.13,51.63,6.47,6.01,0.009,0.1716,0.871,0.9913,0
5.41,13.8,37.53,80.3,12.27,4.38,0.231,0.3392,0.163,0.9984,0
5.04,39.17,59.17,87.87,14.75,6.01,0.042,0.7741,3.462,0.9654,0
11.86,35.75,67.88,77.94,22.19,6.8,0.427,1.4153,17.876,0.8212,1
7.59,47.34,77.4,61.62,26.0,4.97,0.84,2.2548,17.072,0.8293,1
20.0,16.88,42.68,58.32,36.91,4.86,0.738,0.9223,20.48,0.7952,1
22.74,39.67,63.94,66.57,14.74,5.72,0.789,1.0768,25.883,0.7412,1
20.17,28.56,50.03,38.03,15.09,4.49,0.807,0.4417,9.942,0.9006,0
7.02,34.45,48.88,79.95,22.12,3.75,0.372,0.7122,9.206,0.9079,1
7.22,14.82,35.52,83.55,13.22,6.46,0.506,0.4794,2.829,0.9717,0
6.74,39.74,62.35,36.38,17.01,4.7,0.508,0.8983,8.973,0.9103,1
3.81,34.29,57.67,87.23,15.09,5.22,0.113,0.8795,5.822,0.9418,1
23.62,27.69,52.51,82.9,2.0,4.53,0.598,0.7083,19.139,0.8086,1
10.35,33.16,60.69,48.96,18.86,6.6,0.72,0.9396,6.967,0.9303,0
6.0,21.88,39.72,87.72,16.72,6.14,0.611,0.7779,4.898,0.951,0
21.24,23.36,41.27,24.64,26.9,4.94,0.746,0.6865,15.064,0.8494,0
10.28,24.29,55.0,17.24,18.04,3.9,0.119,0.4738,5.32,0.9468,0
1.36,13.18,39.8,42.83,9.22,4.82,0.761,0.2,0.0,1.0,0
4.47,34.89,54.55,60.23,16.19,5.83,0.208,0.5483,3.807,0.9619,0
16.16,37.53,58.89,43.12,3.36,5.41,0.877,0.6089,12.323,0.8768,0
19.68,22.39,43.77,90.37,9.52,5.32,0.245,0.4857,12.666,0.8733,0
5.67,30.79,52.98,35.38,22.45,5.43,0.492,0.5253,2.507,0.9749,0
22.98,25.88,50.71,37.5,16.27,6.03,0.487,0.601,13.566,0.8643,0
21.35,30.63,67.84,65.79,24.46,5.15,0.269,1.167,26.835,0.7316,1
21.29,22.98,46.12,15.31,4.23,5.7,0.362,0.0902,6.151,0.9385,0
6.08,20.93,46.91,73.2,16.3,4.11,0.186,0.432,2.919,0.9708,0
1.74,36.42,48.3,45.2,14.67,8.0,0.57,0.3629,1.401,0.986,0
21.75,27.49,46.58,93.22,24.69,4.89,0.913,0.6695,15.555,0.8445,0
7.99,44.18,73.55,70.31,22.71,5.42,0.317,1.7092,13.107,0.8689,1
15.66,28.37,52.78,19.18,22.5,5.82,0.508,0.5038,9.793,0.9021,0
19.12,20.59,25.59,22.41,28.79,4.75,0.862,0.5347,11.171,0.8883,0
3.64,37.82,63.86,22.05,15.42,5.21,0.452,0.7313,3.409,0.9659,0
19.63,33.05,66.56,91.21,27.35,5.2,0.831,1.6283,33.972,0.6603,1
23.49,33.81,43.84,69.72,10.69,4.19,0.446,0.3646,10.7,0.893,0
18.35,37.52,68.64,49.21,10.43,5.68,0.44,1.1956,23.904,0.761,1
11.31,22.78,28.15,31.04,23.27,3.39,0.157,0.4632,4.316,0.9568,0
21.98,26.98,54.61,84.89,7.47,7.13,0.125,0.672,14.664,0.8534,0
13.42,26.63,48.58,31.12,22.01,6.07,0.611,0.5579,8.056,0.9194,0
18.75,17.67,25.57,71.53,18.71,5.9,0.827,0.3558,7.727,0.9227,0
20.6,25.89,50.57,76.07,25.5,3.29,0.135,0.7341,15.528,0.8447,0
18.86,38.69,67.6,38.57,17.58,4.33,0.91,1.1503,23.189,0.7681,1
7.55,29.9,54.08,55.39,18.39,6.73,0.359,0.7521,7.432,0.9257,0
3.39,17.23,42.74,32.84,21.56,8.0,0.425,0.2367,2.832,0.9717,0
6.34,15.55,35.08,45.31,13.36,6.51,0.894,0.3131,4.507,0.9549,0
12.82,41.32,52.15,92.21,13.06,6.34,0.896,0.8224,8.967,0.9103,0
12.88,27.28,53.43,70.45,21.32,5.78,0.525,0.7198,7.948,0.9205,0
14.77,22.82,55.32,82.73,17.79,4.27,0.277,0.6518,9.895,0.901,0
10.18,25.81,54.59,58.25,15.15,6.29,0.172,0.4128,4.744,0.9526,0
19.78,16.18,26.25,34.12,17.42,3.99,0.272,0.3113,6.949,0.9305,0
22.87,39.38,52.3,72.03,29.16,3.87,0.781,0.8073,19.048,0.8095,1
6.54,24.86,41.78,55.05,14.9,3.8,0.325,0.1224,0.501,0.995,0
18.54,38.94,51.38,29.15,14.7,6.27,0.695,0.5791,12.606,0.8739,0
17.11,28.41,50.68,47.99,6.05,5.14,0.195,0.4062,5.696,0.943,0
13.32,39.44,63.8,65.79,17.7,5.31,0.479,0.9961,17.76,0.8224,1
5.12,30.05,43.47,73.83,22.6,5.18,0.352,0.426,2.352,0.9765,0
19.98,34.83,61.49,34.46,23.85,3.96,0.504,0.8448,19.821,0.8018,1
24.04,33.75,59.36,85.08,18.76,4.46,0.57,1.1272,27.756,0.7224,1
18.18,32.99,51.7,45.36,24.69,4.52,0.991,0.5295,11.613,0.8839,0
22.99,30.78,51.75,36.69,23.12,3.65,0.9,0.4645,12.35,0.8765,0
24.61,26.14,36.44,30.61,25.79,4.65,0.696,0.4157,13.327,0.8667,0
9.13,43.32,63.33,79.33,24.89,4.01,0.154,1.1691,10.685,0.8932,1
16.14,20.74,42.79,43.33,28.99,5.84,0.919,0.6166,13.366,0.8663,0
12.11,28.03,51.05,53.67,16.81,5.93,0.893,0.6525,5.982,0.9402,0
24.67,28.12,52.39,32.83,8.71,3.78,0.887,0.5822,17.62,0.8238,0
2.8,31.22,54.68,69.89,22.65,4.87,0.479,0.794,2.47,0.9753,0
10.6,24.56,44.98,77.48,23.46,7.24,0.171,0.6371,5.512,0.9449,0
21.95,30.52,54.24,42.15,28.99,4.12,0.754,0.845,23.17,0.7683,1
7.46,26.65,54.66,90.61,26.97,5.67,0.389,1.0016,10.771,0.8923,1
19.8,15.34,36.77,17.45,31.62,5.32,0.345,0.4392,6.463,0.9354,0
9.88,28.08,51.98,25.64,22.34,6.4,0.391,0.4488,5.115,0.9488,0
24.51,19.2,40.08,62.1,19.6,5.53,0.559,0.281,9.722,0.9028,0
22.15,14.12,32.24,71.11,8.31,4.73,0.334,0.2049,6.686,0.9331,0
7.88,29.09,54.23,35.05,20.16,5.27,0.69,0.6428,7.84,0.9216,0
19.37,31.9,50.57,59.33,14.13,5.29,0.648,0.3571,10.22,0.8978,0
8.75,32.21,56.53,40.47,19.48,5.1,0.509,0.6545,6.488,0.9351,0
15.36,32.54,54.71,59.33,18.38,3.75,0.054,0.4677,11.729,0.8827,0
16.63,12.54,32.72,67.75,21.3,6.57,0.937,0.3568,8.379,0.9162,0
20.83,17.11,37.14,92.82,17.32,6.37,0.412,0.3814,8.651,0.9135,0
1.1,43.79,62.74,51.46,24.55,4.05,0.449,0.8505,0.035,0.9996,0
5.89,19.62,31.75,66.86,2.0,4.87,0.456,0.2755,3.846,0.9615,0
17.94,32.89,57.18,61.24,19.33,4.95,0.365,0.6999,12.263,0.8774,0
14.31,22.5,45.89,40.4,26.42,3.93,0.675,0.6763,9.705,0.9029,0
12.64,28.64,55.74,35.25,31.09,3.15,0.014,0.7233,9.329,0.9067,0
1.85,22.93,41.75,94.03,23.12,4.46,0.874,0.6286,1.778,0.9822,0
9.03,32.49,65.86,31.55,29.79,4.81,0.102,1.3297,12.03,0.8797,1
21.69,29.09,48.82,78.22,19.18,3.61,1.0,0.4895,9.821,0.9018,0
1.26,24.41,41.16,26.73,18.02,5.39,0.628,0.5145,2.578,0.9742,0
10.21,19.6,35.64,79.35,21.71,6.48,0.066,0.5851,5.72,0.9428,0
23.66,30.14,41.74,29.86,17.98,6.13,0.562,0.4614,15.826,0.8417,0
1.75,18.3,49.49,92.37,12.52,5.06,0.331,0.5704,1.522,0.9848,0
18.87,31.42,61.65,69.88,14.39,3.18,0.953,1.1055,24.049,0.7595,1
6.81,49.01,74.62,22.21,10.21,5.99,0.755,1.424,10.956,0.8904,1
21.73,38.8,55.42,70.45,21.7,5.36,0.507,0.7026,18.818,0.8118,1
18.78,33.75,66.61,63.29,18.08,5.67,0.43,1.099,22.671,0.7733,1
22.2,27.32,47.2,42.0,15.48,7.33,0.996,0.4369,11.512,0.8849,0
5.79,12.49,32.88,35.86,14.03,4.29,0.667,0.1656,2.928,0.9707,0
13.52,17.42,48.05,72.5,21.54,2.04,0.514,0.6964,14.16,0.8584,1
19.59,38.26,64.22,74.31,23.46,4.04,0.398,1.0919,22.115,0.7789,1
6.52,21.68,56.89,41.18,10.09,5.73,0.325,0.5266,4.946,0.9505,0
6.15,22.41,45.9,85.1,8.99,5.23,0.705,0.3476,2.313,0.9769,0
1.17,26.67,46.29,36.51,24.68,3.86,0.588,0.5381,1.475,0.9852,0
23.98,19.5,37.83,20.59,8.37,3.64,0.848,0.1378,4.987,0.9501,0
17.9,18.19,29.1,62.99,21.83,4.81,0.554,0.2501,1.926,0.9807,0
16.07,27.6,47.92,23.57,29.32,3.83,0.582,0.6394,10.795,0.892,0
18.73,20.87,49.74,37.13,29.33,5.77,0.477,0.8142,17.983,0.8202,1
13.52,22.07,47.66,55.57,23.17,4.75,0.763,0.6467,8.129,0.9187,0
12.17,21.75,43.87,37.91,22.96,4.51,0.415,0.5088,8.254,0.9175,0
11.51,32.18,48.21,32.2,33.76,4.37,0.852,0.8198,10.241,0.8976,0
16.19,26.14,49.5,71.25,2.0,5.49,0.327,0.3935,6.915,0.9308,0
5.44,26.57,54.65,58.76,14.75,5.25,0.693,0.71,5.505,0.9449,0
22.26,32.78,57.36,82.18,23.94,5.42,0.893,0.9714,24.176,0.7582,1
20.39,26.86,49.86,61.5,15.64,5.4,0.769,0.6385,14.956,0.8504,0
9.06,25.77,42.99,53.68,26.68,5.12,0.343,0.6792,8.173,0.9183,0
14.68,31.76,58.97,35.9,17.72,4.06,0.706,0.6082,9.997,0.9,0
3.96,33.35,38.35,78.37,18.92,4.4,0.207,0.3072,0.0,1.0,0
24.32,26.82,51.12,30.75,16.08,4.77,0.058,0.3284,9.013,0.9099,0
22.62,28.64,66.07,34.38,14.34,7.47,0.791,0.8241,17.134,0.8287,0
23.09,21.75,34.7,82.33,14.17,3.72,0.808,0.328,10.176,0.8982,0
8.64,21.11,41.67,74.3,19.9,4.74,0.023,0.545,6.501,0.935,0
4.64,34.15,56.11,64.03,12.58,5.31,0.948,0.5912,4.416,0.9558,0
5.69,31.56,50.78,18.11,24.67,4.87,0.446,0.7201,5.065,0.9494,0
2.71,31.64,59.86,25.18,22.57,6.38,0.905,0.795,3.797,0.962,0
3.44,30.25,55.08,55.0,25.7,4.86,0.788,1.0433,1.063,0.9894,0
2.25,28.37,51.28,74.71,10.1,4.94,0.901,0.5269,1.043,0.9896,0
24.75,33.57,60.35,52.13,6.1,6.1,0.833,0.722,17.232,0.8277,0
2.31,35.48,57.58,16.38,17.97,7.19,0.974,0.6078,0.854,0.9915,0
3.75,35.29,76.37,29.74,38.29,6.75,0.629,2.131,10.735,0.8926,1
20.77,27.19,50.1,62.1,26.86,5.05,0.227,0.8135,19.981,0.8002,1
14.72,39.1,62.27,70.54,14.12,5.15,0.39,0.9659,16.045,0.8395,1
19.47,29.83,41.56,17.67,20.97,5.25,0.752,0.5496,11.558,0.8844,0
15.96,33.06,51.8,18.47,23.09,5.36,0.157,0.3776,5.228,0.9477,0
22.11,30.26,59.14,35.9,8.42,4.27,0.93,0.7224,17.701,0.823,0
16.14,29.98,43.96,21.68,27.59,6.23,0.205,0.4179,9.436,0.9056,0
13.29,22.11,31.17,58.36,16.83,5.43,0.876,0.213,4.135,0.9587,0
17.96,33.61,55.8,24.9,17.37,5.15,0.484,0.5926,9.044,0.9096,0
11.46,50.0,80.22,66.86,18.17,3.8,0.841,2.4743,29.027,0.7097,1
8.98,25.0,47.26,77.18,26.01,5.27,0.958,0.7745,4.132,0.9587,0
11.96,28.57,48.55,92.64,12.71,3.12,0.422,0.6594,9.742,0.9026,0
4.66,24.43,35.28,90.87,6.05,4.56,0.697,0.4436,1.04,0.9896,0
20.02,24.1,48.81,36.87,20.26,4.58,0.227,0.6034,11.268,0.8873,0
6.89,40.36,66.32,17.35,3.69,5.52,0.801,0.7521,6.748,0.9325,0
4.26,22.62,33.93,41.35,15.89,7.27,0.82,0.5177,3.231,0.9677,0
6.54,24.21,53.01,71.68,26.31,5.83,0.295,0.9917,7.067,0.9293,0
21.13,15.3,41.89,19.78,22.05,6.79,0.024,0.3247,11.796,0.882,0
8.59,21.94,50.73,43.78,25.3,5.91,0.431,0.4435,5.17,0.9483,0
17.31,14.33,39.83,38.84,22.34,6.44,0.17,0.2324,3.917,0.9608,0
21.48,33.05,58.98,32.55,34.87,7.24,0.819,1.0803,25.417,0.7458,1
2.4,50.0,75.12,71.49,13.88,4.39,0.261,2.0187,4.423,0.9558,1
19.24,25.07,52.28,67.73,20.79,4.32,0.944,0.7201,17.081,0.8292,1
8.04,14.67,25.75,57.84,14.93,5.94,0.972,0.2631,2.859,0.9714,0
5.81,35.2,48.19,87.86,24.7,5.2,0.909,0.7377,5.078,0.9492,0
17.38,22.18,39.77,23.25,17.57,5.44,0.6,0.2041,2.131,0.9787,0
22.79,38.39,59.62,26.98,30.03,4.93,0.267,0.9925,24.207,0.7579,1
7.73,25.74,50.07,45.68,14.28,4.54,0.807,0.4747,3.839,0.9616,0
14.44,22.95,46.89,67.47,27.85,6.98,0.702,0.971,13.044,0.8696,1
7.6,26.58,55.28,61.73,22.15,3.99,0.977,0.8631,6.452,0.9355,0
14.08,34.06,62.95,20.92,17.77,5.96,0.377,0.8787,13.779,0.8622,1
15.74,26.18,42.95,91.67,21.8,5.78,0.059,0.5211,9.015,0.9099,0
15.45,24.03,47.46,39.41,19.83,3.46,0.998,0.403,4.697,0.953,0
15.78,26.41,43.32,43.72,20.49,4.29,0.838,0.3757,6.302,0.937,0
3.81,17.83,38.7,64.89,16.55,4.47,0.221,0.167,0.0,1.0,0
17.49,31.18,55.11,90.61,13.09,5.82,0.726,0.9414,17.76,0.8224,1
17.03,13.71,18.71,68.02,15.65,4.8,0.001,0.1289,3.27,0.9673,0
17.22,24.45,60.91,91.38,6.22,5.11,0.558,1.1284,19.706,0.8029,1
2.31,34.08,59.47,30.01,23.89,3.6,0.363,0.7697,1.076,0.9892,0
11.45,30.42,48.85,64.5,9.35,7.76,0.381,0.4125,5.328,0.9467,0
10.52,32.72,66.29,81.31,16.48,5.28,0.245,1.1214,13.819,0.8618,1
2.62,27.48,47.4,55.72,22.54,5.75,0.275,0.552,1.955,0.9804,0
5.95,37.36,60.15,43.97,23.88,4.61,0.455,0.8112,7.346,0.9265,1
11.3,35.4,54.47,93.78,5.58,4.48,0.248,0.8131,11.545,0.8845,1
18.7,31.57,63.48,26.28,17.36,7.3,0.466,0.7579,17.727,0.8227,1
6.31,35.42,56.79,47.87,21.22,3.09,0.577,0.7629,7.261,0.9274,1
20.83,34.0,56.9,84.87,18.36,5.51,0.711,1.0961,26.697,0.733,1
13.87,24.48,53.71,87.04,27.41,3.87,0.677,1.0038,12.694,0.8731,1
19.13,17.25,42.76,93.43,12.25,4.75,0.242,0.5294,12.32,0.8768,0
12.08,31.36,53.04,85.79,3.66,4.5,0.039,0.6235,10.079,0.8992,0
12.73,32.37,61.03,19.08,23.67,4.12,0.833,1.0733,16.557,0.8344,1
15.68,36.72,73.95,89.38,14.24,5.24,0.872,2.119,32.779,0.6722,1
23.24,20.51,44.41,49.25,5.69,2.38,0.979,0.4274,12.55,0.8745,0
12.55,20.75,43.45,67.13,16.89,4.85,0.96,0.4948,6.906,0.9309,0
13.45,31.68,54.7,46.54,26.61,5.1,0.634,0.6868,12.926,0.8707,1
15.25,27.43,57.29,80.09,9.16,3.7,0.894,0.6707,8.721,0.9128,0
18.57,12.91,31.32,61.07,34.35,6.86,0.448,0.8394,15.389,0.8461,0
2.26,31.0,51.33,82.64,12.13,4.55,0.787,0.5365,0.0,1.0,0
13.13,13.18,25.96,30.5,18.61,4.94,0.955,0.4311,6.517,0.9348,0
12.3,20.44,35.33,29.8,9.47,4.55,0.796,0.3071,8.067,0.9193,0
23.08,38.81,57.71,50.23,18.29,5.11,0.416,0.78,19.448,0.8055,1
12.59,42.6,64.26,15.38,17.06,6.64,0.378,0.7774,10.531,0.8947,0
11.97,18.27,50.89,70.43,7.57,7.92,0.292,0.4048,6.286,0.9371,0
24.07,25.36,50.58,38.68,37.78,6.02,0.367,0.9989,25.479,0.7452,1
11.54,28.34,44.87,59.58,14.53,6.4,0.821,0.4285,6.049,0.9395,0
4.93,42.25,59.88,20.6,14.54,7.09,0.702,0.5594,3.534,0.9647,0
5.81,24.06,54.31,28.65,24.78,5.47,0.25,0.8451,3.686,0.9631,0
2.83,24.18,52.94,64.83,30.7,6.93,0.712,0.8427,2.284,0.9772,0
0.51,40.39,62.56,39.45,25.89,6.07,0.379,0.8476,1.663,0.9834,0
11.08,25.0,44.35,32.18,9.59,5.36,0.558,0.2835,5.143,0.9486,0
19.35,33.78,62.53,33.31,19.5,5.59,0.37,0.9499,21.663,0.7834,1
18.47,16.18,32.22,32.19,4.83,3.2,0.522,0.05,2.54,0.9746,0
1.29,26.63,50.98,64.83,24.31,5.52,0.73,0.849,1.695,0.983,0
14.46,14.72,50.36,28.42,6.55,3.5,0.731,0.2819,6.034,0.9397,0
4.28,19.56,42.79,44.02,12.38,3.41,0.753,0.3696,0.703,0.993,0
23.56,34.71,52.06,70.03,17.98,5.41,0.391,0.5337,13.091,0.8691,0
4.6,27.6,52.06,56.09,21.12,3.97,0.69,0.8472,3.807,0.9619,0
15.85,25.45,44.63,62.78,16.17,5.19,0.239,0.401,5.085,0.9491,0
8.49,22.01,35.65,35.07,28.63,5.35,0.477,0.4461,4.767,0.9523,0
16.22,26.23,52.44,89.62,23.06,5.4,0.583,0.8284,16.029,0.8397,1
10.6,30.41,59.12,48.11,22.51,4.21,0.686,0.8285,8.048,0.9195,0
19.11,35.86,56.0,37.96,9.39,6.19,0.912,0.6054,13.409,0.8659,0
6.15,7.0,26.74,87.35,29.9,5.1,0.305,0.6048,2.865,0.9713,0
22.69,21.35,37.58,67.42,12.38,5.69,0.845,0.3721,8.244,0.9176,0
12.76,29.27,50.37,64.12,30.16,3.88,0.311,0.6121,11.787,0.8821,1
19.02,27.21,45.83,85.94,32.16,5.0,0.552,0.8424,15.487,0.8451,0
21.32,31.23,47.16,19.68,21.59,6.41,0.828,0.5988,11.99,0.8801,0
24.97,30.14,63.49,82.01,25.22,6.27,0.723,1.2502,33.295,0.667,1
5.99,25.56,50.36,69.23,2.0,4.32,0.863,0.5824,4.105,0.9589,0
7.53,23.79,49.22,43.8,16.63,4.6,0.815,0.4991,5.111,0.9489,0
6.64,26.04,53.34,35.51,25.72,4.11,0.276,0.6077,7.541,0.9246,1
6.94,37.19,63.82,23.38,24.47,4.48,0.993,1.1519,6.934,0.9307,0
14.77,22.14,41.67,90.29,9.46,3.66,0.937,0.2879,4.041,0.9596,0
24.84,27.5,51.13,26.35,15.94,5.05,0.43,0.3664,13.464,0.8654,0
24.76,29.47,49.85,35.76,2.0,5.9,0.047,0.4271,13.824,0.8618,0
13.41,40.48,65.11,70.29,20.89,4.34,0.303,1.3309,19.798,0.802,1
16.16,25.6,49.65,71.81,4.82,5.1,0.836,0.7658,12.256,0.8774,0
21.57,35.67,55.37,27.86,25.91,4.96,0.951,0.7861,20.176,0.7982,1
23.36,37.86,51.88,80.13,26.28,6.36,0.832,0.9408,24.846,0.7515,1
5.49,27.49,50.37,55.82,14.68,4.53,0.397,0.5511,3.494,0.9651,0
13.45,26.31,47.09,82.88,21.65,4.57,0.057,0.7057,9.166,0.9083,0
20.9,25.37,36.03,21.98,16.48,4.27,0.518,0.3199,8.159,0.9184,0
7.93,25.95,51.0,18.43,19.69,3.95,0.376,0.569,7.506,0.9249,0
11.28,34.83,62.63,65.96,9.97,5.78,0.123,0.8748,8.541,0.9146,0
24.65,29.85,67.02,27.0,22.36,5.05,0.106,1.066,26.64,0.7336,1
24.63,29.88,49.54,57.0,6.51,5.26,0.153,0.2561,6.957,0.9304,0
22.7,19.0,37.77,16.13,5.19,6.6,0.206,0.1451,4.093,0.9591,0
20.06,20.26,35.6,77.39,17.15,6.67,0.754,0.3727,8.664,0.9134,0
7.09,45.15,68.4,86.96,16.52,3.39,0.382,1.3456,11.357,0.8864,1
8.36,26.58,49.79,82.11,19.91,5.91,0.437,0.4807,5.079,0.9492,0
13.91,21.8,38.93,91.67,13.45,5.45,0.598,0.3965,6.289,0.9371,0
14.24,39.45,60.4,87.25,31.2,4.69,0.96,1.3608,20.535,0.7947,1
12.88,30.25,40.38,50.52,19.12,5.56,0.756,0.4423,7.326,0.9267,0
16.1,32.63,60.18,46.87,19.63,3.3,0.646,0.8472,11.717,0.8828,0
10.5,26.9,44.27,86.69,19.38,6.81,0.744,0.6381,8.901,0.911,0
18.85,25.45,47.24,89.16,25.02,5.77,0.719,0.7549,13.968,0.8603,0
8.67,26.64,40.08,92.83,22.03,4.25,0.69,0.4886,3.823,0.9618,0
8.6,16.94,35.44,76.47,21.09,4.56,0.496,0.5245,5.386,0.9461,0
3.62,27.3,47.62,31.16,23.15,3.33,0.567,0.4961,1.748,0.9825,0
5.12,30.37,52.3,90.6,5.23,4.85,0.461,0.5991,4.009,0.9599,0
21.34,42.8,67.68,90.77,5.49,4.67,0.395,1.3857,31.139,0.6886,1
11.43,28.69,59.32,68.29,17.47,3.74,0.271,0.7013,8.035,0.9197,0
6.08,9.33,35.72,83.58,16.62,6.05,0.355,0.3194,4.645,0.9535,0
19.1,27.25,55.02,59.89,22.06,6.6,0.429,0.6576,14.852,0.8515,0
14.07,49.92,80.59,90.53,18.14,5.17,0.579,2.9166,42.231,0.5777,1
1.02,34.93,60.35,22.51,22.07,4.86,0.5,0.8431,2.012,0.9799,0
8.25,21.51,43.29,84.12,9.28,5.68,0.108,0.4148,2.552,0.9745,0
4.84,32.73,60.78,19.44,17.92,5.18,0.34,0.8645,7.894,0.9211,1
16.57,22.06,50.5,42.13,8.61,4.01,0.376,0.501,7.399,0.926,0
7.24,17.17,43.06,25.83,20.71,4.48,0.707,0.6508,5.135,0.9487,0
2.09,25.21,38.49,53.33,4.85,4.87,0.333,0.2823,0.15,0.9985,0
1.85,28.73,45.68,33.58,20.44,5.47,0.008,0.4317,0.288,0.9971,0
14.75,13.02,33.37,91.17,7.72,5.21,0.084,0.1962,2.886,0.9711,0
1.03,18.81,45.48,59.75,15.32,5.43,0.497,0.512,0.0,1.0,0
21.3,28.08,49.95,86.82,24.26,3.52,0.188,0.6445,17.02,0.8298,0
4.31,24.73,53.56,37.24,19.59,5.93,0.495,0.4122,0.0,1.0,0
15.36,31.16,61.05,17.08,6.48,5.2,0.574,0.8011,14.72,0.8528,1
11.39,18.28,47.48,77.05,13.29,8.0,0.933,0.454,6.734,0.9327,0
11.35,33.71,62.95,71.19,7.49,4.77,0.656,0.9843,11.031,0.8897,1
2.26,18.53,34.31,58.64,6.14,5.56,0.031,0.067,1.067,0.9893,0
20.17,41.14,66.04,80.23,18.82,8.0,0.381,1.4248,29.697,0.703,1
22.38,14.27,32.63,82.21,21.92,5.41,0.793,0.6254,13.624,0.8638,0
0.77,19.26,31.37,62.03,21.08,5.13,0.261,0.3948,0.0,1.0,0
4.88,31.34,51.61,92.27,22.22,4.11,0.925,1.0176,6.169,0.9383,1
22.65,41.31,71.26,72.58,17.92,6.88,0.529,1.5791,38.228,0.6177,1
13.96,30.52,55.28,69.15,16.09,3.92,0.092,0.8525,12.982,0.8702,1
4.18,32.5,66.61,43.91,10.49,5.67,0.242,0.994,3.603,0.964,0
5.47,28.14,51.2,15.18,14.92,4.68,0.906,0.3914,1.977,0.9802,0
16.67,19.79,56.48,34.28,8.75,4.99,0.991,0.5949,10.282,0.8972,0
18.26,24.08,47.14,76.11,12.08,3.63,0.863,0.4994,7.279,0.9272,0
15.19,18.3,40.44,71.79,18.62,6.68,0.321,0.3937,6.856,0.9314,0
23.85,17.77,32.09,41.48,17.18,4.89,0.769,0.1469,5.966,0.9403,0
12.6,31.21,59.88,65.05,39.45,3.86,0.222,1.3683,17.935,0.8207,1
7.86,19.01,38.0,30.62,8.58,6.58,0.385,0.0786,3.807,0.9619,0
12.19,30.56,48.67,36.09,17.12,4.65,0.697,0.1847,1.141,0.9886,0
9.31,17.59,47.27,90.79,8.03,5.57,0.969,0.5697,4.569,0.9543,0
6.0,30.37,59.32,48.05,15.29,6.13,0.439,0.6135,4.075,0.9592,0
1.63,24.09,52.88,34.6,15.57,5.72,0.496,0.4021,1.078,0.9892,0
9.13,39.25,59.08,53.97,23.91,2.78,0.22,0.4438,1.259,0.9874,0
17.93,30.59,52.28,45.96,14.85,5.96,0.403,0.3945,9.081,0.9092,0
0.95,37.89,59.53,73.36,16.66,5.09,0.063,0.7787,1.16,0.9884,0
11.26,21.95,48.65,91.97,14.99,4.84,0.859,0.6144,3.902,0.961,0
16.28,28.45,59.77,62.34,8.19,5.08,0.023,0.6903,11.913,0.8809,0
15.45,20.15,44.36,62.29,13.44,3.43,0.684,0.5539,8.025,0.9198,0
19.53,24.69,58.54,44.19,15.33,5.41,0.273,0.6833,13.757,0.8624,0
20.36,25.9,53.29,60.17,18.52,3.7,0.476,0.7088,13.463,0.8654,0
17.94,22.19,42.78,40.55,21.91,4.89,0.282,0.5304,11.214,0.8879,0
3.02,18.28,45.25,15.09,16.36,5.37,0.4,0.2402,3.69,0.9631,0
12.14,16.69,48.93,84.29,16.23,6.38,0.547,0.6714,9.13,0.9087,0
15.28,9.28,43.27,49.36,5.95,4.3,0.641,0.4152,3.567,0.9643,0
6.52,19.55,48.67,54.37,21.78,6.8,0.94,0.5843,4.479,0.9552,0
1.54,33.02,55.17,21.68,13.13,6.24,0.332,0.399,0.314,0.9969,0
5.98,15.21,35.91,81.97,23.23,4.73,0.585,0.5618,1.717,0.9828,0
11.64,17.06,42.51,28.63,27.22,3.98,0.902,0.4252,6.043,0.9396,0
10.64,42.33,74.37,47.85,16.68,3.61,0.29,1.3976,16.764,0.8324,1
4.83,22.91,47.51,82.22,10.84,5.5,0.865,0.4899,1.386,0.9861,0
20.7,30.57,55.3,51.62,17.88,4.39,0.958,0.733,13.735,0.8626,0
23.18,33.14,55.45,89.49,20.44,6.52,0.847,0.9896,21.147,0.7885,1
5.43,33.3,53.33,31.75,15.79,4.45,0.57,0.6172,2.405,0.976,0
23.27,15.82,36.85,72.22,14.05,4.21,0.722,0.2604,7.341,0.9266,0
0.94,26.15,48.96,93.24,21.94,5.46,0.481,0.6467,0.0,1.0,0
23.16,15.05,47.36,58.97,21.48,4.45,0.597,0.6022,14.347,0.8565,0
23.82,47.57,68.13,70.37,15.58,5.21,0.974,1.2568,32.473,0.6753,1
0.8,15.24,37.56,46.46,6.42,6.28,0.251,0.1434,0.885,0.9912,0
19.19,19.62,36.43,75.11,21.19,5.33,0.793,0.2829,6.89,0.9311,0
24.27,19.68,45.97,87.71,12.63,5.33,0.506,0.5542,16.442,0.8356,0
22.69,16.03,46.23,71.24,19.5,5.43,0.177,0.6527,15.207,0.8479,0
24.28,38.82,70.57,89.87,19.06,3.34,0.644,1.6604,40.158,0.5984,1
13.98,47.38,70.6,62.09,4.78,5.63,0.792,1.4457,20.033,0.7997,1
2.41,24.19,49.64,61.17,18.57,5.38,0.569,0.5438,0.379,0.9962,0
21.32,17.44,38.52,39.37,21.6,6.18,0.837,0.2646,3.592,0.9641,0
15.54,10.1,35.27,71.77,22.46,5.87,0.366,0.3334,5.086,0.9491,0
15.56,26.05,49.93,85.56,18.82,4.98,0.914,0.6282,12.407,0.8759,0
10.72,25.47,47.82,66.71,4.16,6.34,0.648,0.4025,6.082,0.9392,0
14.51,22.79,45.62,33.64,26.94,4.88,0.803,0.6607,11.176,0.8882,0
4.26,29.77,54.48,58.53,20.88,5.47,0.273,0.8471,3.93,0.9607,0
18.62,31.16,51.4,75.47,9.58,4.86,0.446,0.379,10.526,0.8947,0
2.34,30.58,51.13,90.15,12.49,5.71,0.91,0.675,0.0,1.0,0
18.38,25.47,57.72,27.53,19.62,4.79,0.051,0.4868,8.409,0.9159,0
21.3,19.19,57.45,25.2,22.76,7.01,0.404,0.5647,15.219,0.8478,0
12.08,33.33,48.1,48.04,14.58,7.42,0.78,0.4941,6.551,0.9345,0
12.99,28.1,42.54,25.05,23.78,6.16,0.744,0.5087,6.107,0.9389,0
8.15,35.11,51.36,93.43,5.45,6.9,0.852,0.5206,5.44,0.9456,0
24.25,34.32,55.7,48.94,10.7,3.51,0.739,0.5675,14.683,0.8532,0
18.46,16.63,44.0,57.69,3.55,3.64,0.947,0.2334,3.989,0.9601,0
9.54,16.53,42.07,33.17,11.72,4.85,0.498,0.291,1.718,0.9828,0
4.78,21.96,44.99,50.93,28.56,5.25,0.624,0.7903,4.433,0.9557,0
5.88,19.55,44.72,93.78,32.4,4.98,0.848,1.0054,6.421,0.9358,0
11.87,34.04,51.89,54.09,19.64,3.39,0.702,0.6085,10.246,0.8975,0
23.59,30.81,51.35,15.71,13.53,6.47,0.102,0.3166,8.563,0.9144,0
18.49,36.79,58.67,34.4,16.45,7.57,0.367,0.6614,12.785,0.8722,0
5.77,31.17,43.67,93.28,21.31,6.61,0.553,0.7058,6.615,0.9338,1
21.56,29.67,44.7,94.13,7.06,6.39,0.755,0.5938,15.79,0.8421,0
9.77,37.6,52.87,31.84,13.99,5.45,0.544,0.4682,5.194,0.9481,0
21.37,31.76,58.34,64.22,28.04,4.27,0.778,1.0268,20.706,0.7929,1
6.42,28.54,52.02,21.15,10.68,5.28,0.838,0.3187,0.903,0.991,0
15.66,39.84,65.51,61.2,12.76,7.52,0.265,0.913,13.372,0.8663,0
23.2,28.92,39.88,25.07,18.09,4.81,0.616,0.433,11.639,0.8836,0
6.82,25.57,38.66,80.49,19.98,4.7,0.557,0.5595,3.192,0.9681,0
17.48,21.3,47.28,90.17,13.62,6.42,0.227,0.5545,13.308,0.8669,0
24.69,33.62,38.95,28.84,18.54,6.49,0.49,0.5167,11.854,0.8815,0
4.19,37.9,67.24,52.02,22.26,4.27,0.549,1.2281,3.328,0.9667,0
2.67,27.6,38.66,23.16,31.73,4.91,0.817,0.6404,2.159,0.9784,0
17.02,38.46,65.52,42.13,17.12,4.65,0.461,0.8072,15.528,0.8447,1
8.82,12.24,28.91,20.21,17.71,5.28,0.081,0.3723,0.0,1.0,0
2.25,27.56,55.85,36.16,28.69,6.41,0.487,0.9008,0.0,1.0,0
12.14,27.68,68.93,94.22,14.16,4.32,0.838,1.8822,22.968,0.7703,1
18.97,22.18,30.54,18.57,8.73,6.4,0.571,0.4528,11.935,0.8807,0
7.49,47.07,73.24,83.72,19.75,5.31,0.319,1.7541,16.495,0.835,1
8.71,27.47,38.62,21.2,25.53,7.76,0.921,0.4115,3.219,0.9678,0
21.22,24.74,49.3,57.32,20.53,5.55,0.156,0.1862,4.996,0.95,0
13.24,28.21,48.97,51.17,17.32,5.09,0.327,0.5504,6.531,0.9347,0
